log_file,type,total_time,z,mcz,mcz_min,mcz_max,mcz_pts,td_min_ms,td_max_ms,td_pts,omega_min,omega_max,omega_pts,theta_min,theta_max,theta_pts,gamma_pts,dtype,Note
build_template_banks_3059589_0.out,build,,1,5.0,,,,,,,0,6,61,0,15,151,51,,missing total_time; OSError: Cannot allocate memory; slurmstepd: DUE TO TIME LIMIT; Traceback; Exception in thread; CANCELLED
build_template_banks_3059589_1.out,build,,1,5.5,,,,,,,0,6,61,0,15,151,51,,missing total_time; OSError: Cannot allocate memory; slurmstepd: DUE TO TIME LIMIT; Traceback; Exception in thread; CANCELLED
build_template_banks_3059589_2.out,build,,1,6.0,,,,,,,0,6,61,0,15,151,51,,missing total_time; OSError: Cannot allocate memory; slurmstepd: DUE TO TIME LIMIT; Traceback; Exception in thread; CANCELLED
build_template_banks_3059589_3.out,build,,1,6.5,,,,,,,0,6,61,0,15,151,51,,missing total_time; OSError: Cannot allocate memory; slurmstepd: DUE TO TIME LIMIT; Traceback; Exception in thread; CANCELLED
build_template_banks_3059589_4.out,build,,1,7.0,,,,,,,0,6,61,0,15,151,51,,missing total_time; OSError: Cannot allocate memory; slurmstepd: DUE TO TIME LIMIT; Traceback; Exception in thread; CANCELLED
build_template_banks_3059589_5.out,build,,1,7.5,,,,,,,0,6,61,0,15,151,51,,missing total_time; OSError: Cannot allocate memory; slurmstepd: DUE TO TIME LIMIT; Traceback; Exception in thread; CANCELLED
build_template_banks_3059589_6.out,build,,1,8.0,,,,,,,0,6,61,0,15,151,51,,missing total_time; OSError: Cannot allocate memory; slurmstepd: DUE TO TIME LIMIT; Traceback; Exception in thread; CANCELLED
build_template_banks_3059589_7.out,build,,1,8.5,,,,,,,0,6,61,0,15,151,51,,missing total_time; OSError: Cannot allocate memory; slurmstepd: DUE TO TIME LIMIT; Traceback; Exception in thread; CANCELLED
build_template_banks_3059589_8.out,build,0:2:42.26,1,9.0,,,,,,,0,6,61,0,15,151,51,,
build_template_banks_3059589_9.out,build,0:2:34.15,1,9.5,,,,,,,0,6,61,0,15,151,51,,
build_template_banks_3059589_10.out,build,0:2:25.19,1,10.0,,,,,,,0,6,61,0,15,151,51,,
build_template_banks_3059589_11.out,build,0:2:23.02,1,10.5,,,,,,,0,6,61,0,15,151,51,,
build_template_banks_3059589_12.out,build,0:2:26.55,1,11.0,,,,,,,0,6,61,0,15,151,51,,
build_template_banks_3059589_13.out,build,0:2:18.26,1,11.5,,,,,,,0,6,61,0,15,151,51,,
build_template_banks_3059589_14.out,build,0:2:12.22,1,12.0,,,,,,,0,6,61,0,15,151,51,,
build_template_banks_3059589_15.out,build,0:2:16.77,1,12.5,,,,,,,0,6,61,0,15,151,51,,
build_template_banks_3059589_16.out,build,0:2:9.46,1,13.0,,,,,,,0,6,61,0,15,151,51,,
build_template_banks_3059589_17.out,build,0:2:13.67,1,13.5,,,,,,,0,6,61,0,15,151,51,,
build_template_banks_3059589_18.out,build,0:2:8.31,1,14.0,,,,,,,0,6,61,0,15,151,51,,
build_template_banks_3059589_19.out,build,0:2:7.5,1,14.5,,,,,,,0,6,61,0,15,151,51,,
build_template_banks_3059589_20.out,build,0:2:3.66,1,15.0,,,,,,,0,6,61,0,15,151,51,,
build_template_banks_3059589_21.out,build,0:2:6.05,1,15.5,,,,,,,0,6,61,0,15,151,51,,
build_template_banks_3059589_22.out,build,0:1:59.34,1,16.0,,,,,,,0,6,61,0,15,151,51,,
build_template_banks_3059589_23.out,build,0:1:55.71,1,16.5,,,,,,,0,6,61,0,15,151,51,,
build_template_banks_3059589_24.out,build,0:1:58.13,1,17.0,,,,,,,0,6,61,0,15,151,51,,
build_template_banks_3059589_25.out,build,0:1:58.91,1,17.5,,,,,,,0,6,61,0,15,151,51,,
build_template_banks_3059589_26.out,build,0:1:59.01,1,18.0,,,,,,,0,6,61,0,15,151,51,,
build_template_banks_3059589_27.out,build,0:1:54.58,1,18.5,,,,,,,0,6,61,0,15,151,51,,
build_template_banks_3059589_28.out,build,0:1:56.29,1,19.0,,,,,,,0,6,61,0,15,151,51,,
build_template_banks_3059589_29.out,build,0:2:2.26,1,19.5,,,,,,,0,6,61,0,15,151,51,,
build_template_banks_3059589_30.out,build,0:1:46.79,1,20.0,,,,,,,0,6,61,0,15,151,51,,
build_template_banks_3059589_31.out,build,0:1:52.23,1,20.5,,,,,,,0,6,61,0,15,151,51,,
build_template_banks_3059589_32.out,build,0:1:49.16,1,21.0,,,,,,,0,6,61,0,15,151,51,,
build_template_banks_3059589_33.out,build,0:1:42.5,1,21.5,,,,,,,0,6,61,0,15,151,51,,
build_template_banks_3059589_34.out,build,0:1:46.6,1,22.0,,,,,,,0,6,61,0,15,151,51,,
build_template_banks_3059589_35.out,build,0:1:40.76,1,22.5,,,,,,,0,6,61,0,15,151,51,,
build_template_banks_3059589_36.out,build,0:1:46.16,1,23.0,,,,,,,0,6,61,0,15,151,51,,
build_template_banks_3059589_37.out,build,0:1:41.32,1,23.5,,,,,,,0,6,61,0,15,151,51,,
build_template_banks_3059589_38.out,build,0:1:47.28,1,24.0,,,,,,,0,6,61,0,15,151,51,,
build_template_banks_3059589_39.out,build,0:1:37.52,1,24.5,,,,,,,0,6,61,0,15,151,51,,
build_template_banks_3059589_40.out,build,0:1:39.73,1,25.0,,,,,,,0,6,61,0,15,151,51,,
build_template_banks_3059589_41.out,build,0:1:41.57,1,25.5,,,,,,,0,6,61,0,15,151,51,,
build_template_banks_3059589_42.out,build,0:1:37.15,1,26.0,,,,,,,0,6,61,0,15,151,51,,
build_template_banks_3059589_43.out,build,0:1:39.6,1,26.5,,,,,,,0,6,61,0,15,151,51,,
build_template_banks_3059589_44.out,build,0:1:37.95,1,27.0,,,,,,,0,6,61,0,15,151,51,,
build_template_banks_3059589_45.out,build,0:1:37.96,1,27.5,,,,,,,0,6,61,0,15,151,51,,
build_template_banks_3059589_46.out,build,0:1:36.86,1,28.0,,,,,,,0,6,61,0,15,151,51,,
build_template_banks_3059589_47.out,build,0:1:32.03,1,28.5,,,,,,,0,6,61,0,15,151,51,,
build_template_banks_3059589_48.out,build,0:1:34.05,1,29.0,,,,,,,0,6,61,0,15,151,51,,
build_template_banks_3059589_49.out,build,0:1:31.67,1,29.5,,,,,,,0,6,61,0,15,151,51,,
build_template_banks_3059589_50.out,build,0:1:30.81,1,30.0,,,,,,,0,6,61,0,15,151,51,,
build_template_banks_3059589_51.out,build,0:1:32.92,1,30.5,,,,,,,0,6,61,0,15,151,51,,
build_template_banks_3059589_52.out,build,0:1:27.15,1,31.0,,,,,,,0,6,61,0,15,151,51,,
build_template_banks_3059589_53.out,build,0:1:30.06,1,31.5,,,,,,,0,6,61,0,15,151,51,,
build_template_banks_3059589_54.out,build,0:1:24.63,1,32.0,,,,,,,0,6,61,0,15,151,51,,
build_template_banks_3059589_55.out,build,0:1:26.54,1,32.5,,,,,,,0,6,61,0,15,151,51,,
build_template_banks_3059589_56.out,build,0:1:30.61,1,33.0,,,,,,,0,6,61,0,15,151,51,,
build_template_banks_3059589_57.out,build,0:1:29.21,1,33.5,,,,,,,0,6,61,0,15,151,51,,
build_template_banks_3059589_58.out,build,0:1:25.41,1,34.0,,,,,,,0,6,61,0,15,151,51,,
build_template_banks_3059589_59.out,build,0:1:26.76,1,34.5,,,,,,,0,6,61,0,15,151,51,,
build_template_banks_3059589_60.out,build,0:1:21.41,1,35.0,,,,,,,0,6,61,0,15,151,51,,
build_template_banks_3059589_61.out,build,0:1:22.72,1,35.5,,,,,,,0,6,61,0,15,151,51,,
build_template_banks_3059589_62.out,build,0:1:25.28,1,36.0,,,,,,,0,6,61,0,15,151,51,,
build_template_banks_3059589_63.out,build,0:1:20.37,1,36.5,,,,,,,0,6,61,0,15,151,51,,
build_template_banks_3059589_64.out,build,0:1:18.86,1,37.0,,,,,,,0,6,61,0,15,151,51,,
build_template_banks_3059589_65.out,build,0:1:23.11,1,37.5,,,,,,,0,6,61,0,15,151,51,,
build_template_banks_3059589_66.out,build,0:1:24.26,1,38.0,,,,,,,0,6,61,0,15,151,51,,
build_template_banks_3059589_67.out,build,0:1:22.02,1,38.5,,,,,,,0,6,61,0,15,151,51,,
build_template_banks_3059589_68.out,build,0:1:19.63,1,39.0,,,,,,,0,6,61,0,15,151,51,,
build_template_banks_3059589_69.out,build,0:1:21.69,1,39.5,,,,,,,0,6,61,0,15,151,51,,
build_template_banks_3059589_70.out,build,0:1:23.62,1,40.0,,,,,,,0,6,61,0,15,151,51,,
build_template_banks_3059589_71.out,build,0:1:21.5,1,40.5,,,,,,,0,6,61,0,15,151,51,,
build_template_banks_3059589_72.out,build,0:1:19.65,1,41.0,,,,,,,0,6,61,0,15,151,51,,
build_template_banks_3059589_73.out,build,0:1:22.13,1,41.5,,,,,,,0,6,61,0,15,151,51,,
build_template_banks_3059589_74.out,build,0:1:14.72,1,42.0,,,,,,,0,6,61,0,15,151,51,,
build_template_banks_3059589_75.out,build,0:1:17.86,1,42.5,,,,,,,0,6,61,0,15,151,51,,
build_template_banks_3059589_76.out,build,0:1:17.11,1,43.0,,,,,,,0,6,61,0,15,151,51,,
build_template_banks_3059589_77.out,build,0:1:16.04,1,43.5,,,,,,,0,6,61,0,15,151,51,,
build_template_banks_3059589_78.out,build,0:1:10.16,1,44.0,,,,,,,0,6,61,0,15,151,51,,
build_template_banks_3059589_79.out,build,0:1:12.11,1,44.5,,,,,,,0,6,61,0,15,151,51,,
build_template_banks_3059589_80.out,build,0:1:14.45,1,45.0,,,,,,,0,6,61,0,15,151,51,,
