log_file,type,total_time,z,mcz,mcz_min,mcz_max,mcz_pts,td_min_ms,td_max_ms,td_pts,omega_min,omega_max,omega_pts,theta_min,theta_max,theta_pts,gamma_pts,dtype,Note
build_template_banks_3132155_0.out,build,0:4:11.54,1,5.0,,,,,,,0,6,61,0,15,151,51,,
build_template_banks_3132155_1.out,build,0:3:49.64,1,5.5,,,,,,,0,6,61,0,15,151,51,,
build_template_banks_3132155_2.out,build,0:3:40.34,1,6.0,,,,,,,0,6,61,0,15,151,51,,
build_template_banks_3132155_3.out,build,0:3:32.01,1,6.5,,,,,,,0,6,61,0,15,151,51,,
build_template_banks_3132155_4.out,build,0:3:33.36,1,7.0,,,,,,,0,6,61,0,15,151,51,,
build_template_banks_3132155_5.out,build,0:3:26.32,1,7.5,,,,,,,0,6,61,0,15,151,51,,
build_template_banks_3132155_6.out,build,0:3:21.21,1,8.0,,,,,,,0,6,61,0,15,151,51,,
build_template_banks_3132155_7.out,build,0:3:14.98,1,8.5,,,,,,,0,6,61,0,15,151,51,,
build_template_banks_3132155_8.out,build,0:3:0.03,1,9.0,,,,,,,0,6,61,0,15,151,51,,
build_template_banks_3132155_9.out,build,0:3:2.54,1,9.5,,,,,,,0,6,61,0,15,151,51,,
build_template_banks_3132155_10.out,build,0:2:51.43,1,10.0,,,,,,,0,6,61,0,15,151,51,,
build_template_banks_3132155_11.out,build,0:2:59.39,1,10.5,,,,,,,0,6,61,0,15,151,51,,
build_template_banks_3132155_12.out,build,0:2:46.4,1,11.0,,,,,,,0,6,61,0,15,151,51,,
build_template_banks_3132155_13.out,build,0:2:44.53,1,11.5,,,,,,,0,6,61,0,15,151,51,,
build_template_banks_3132155_14.out,build,0:2:46.65,1,12.0,,,,,,,0,6,61,0,15,151,51,,
build_template_banks_3132155_15.out,build,0:2:42.85,1,12.5,,,,,,,0,6,61,0,15,151,51,,
build_template_banks_3132155_16.out,build,0:2:38.57,1,13.0,,,,,,,0,6,61,0,15,151,51,,
build_template_banks_3132155_17.out,build,0:2:39.95,1,13.5,,,,,,,0,6,61,0,15,151,51,,
build_template_banks_3132155_18.out,build,0:2:35.91,1,14.0,,,,,,,0,6,61,0,15,151,51,,
build_template_banks_3132155_19.out,build,0:2:36.08,1,14.5,,,,,,,0,6,61,0,15,151,51,,
build_template_banks_3132155_20.out,build,0:2:32.54,1,15.0,,,,,,,0,6,61,0,15,151,51,,
build_template_banks_3132155_21.out,build,0:2:31.29,1,15.5,,,,,,,0,6,61,0,15,151,51,,
build_template_banks_3132155_22.out,build,0:2:27.1,1,16.0,,,,,,,0,6,61,0,15,151,51,,
build_template_banks_3132155_23.out,build,0:2:23.0,1,16.5,,,,,,,0,6,61,0,15,151,51,,
build_template_banks_3132155_24.out,build,0:2:18.72,1,17.0,,,,,,,0,6,61,0,15,151,51,,
build_template_banks_3132155_25.out,build,0:2:19.58,1,17.5,,,,,,,0,6,61,0,15,151,51,,
build_template_banks_3132155_26.out,build,0:2:23.8,1,18.0,,,,,,,0,6,61,0,15,151,51,,
build_template_banks_3132155_27.out,build,0:2:19.73,1,18.5,,,,,,,0,6,61,0,15,151,51,,
build_template_banks_3132155_28.out,build,0:2:19.16,1,19.0,,,,,,,0,6,61,0,15,151,51,,
build_template_banks_3132155_29.out,build,0:2:16.57,1,19.5,,,,,,,0,6,61,0,15,151,51,,
build_template_banks_3132155_30.out,build,0:2:15.91,1,20.0,,,,,,,0,6,61,0,15,151,51,,
build_template_banks_3132155_31.out,build,0:2:13.88,1,20.5,,,,,,,0,6,61,0,15,151,51,,
build_template_banks_3132155_32.out,build,0:2:8.23,1,21.0,,,,,,,0,6,61,0,15,151,51,,
build_template_banks_3132155_33.out,build,0:2:13.17,1,21.5,,,,,,,0,6,61,0,15,151,51,,
build_template_banks_3132155_34.out,build,0:2:8.84,1,22.0,,,,,,,0,6,61,0,15,151,51,,
build_template_banks_3132155_35.out,build,0:2:8.3,1,22.5,,,,,,,0,6,61,0,15,151,51,,
build_template_banks_3132155_36.out,build,0:2:7.46,1,23.0,,,,,,,0,6,61,0,15,151,51,,
build_template_banks_3132155_37.out,build,0:2:6.59,1,23.5,,,,,,,0,6,61,0,15,151,51,,
build_template_banks_3132155_38.out,build,0:2:8.24,1,24.0,,,,,,,0,6,61,0,15,151,51,,
build_template_banks_3132155_39.out,build,0:2:5.32,1,24.5,,,,,,,0,6,61,0,15,151,51,,
build_template_banks_3132155_40.out,build,0:2:5.31,1,25.0,,,,,,,0,6,61,0,15,151,51,,
build_template_banks_3132155_41.out,build,0:2:0.05,1,25.5,,,,,,,0,6,61,0,15,151,51,,
build_template_banks_3132155_42.out,build,0:2:2.32,1,26.0,,,,,,,0,6,61,0,15,151,51,,
build_template_banks_3132155_43.out,build,0:1:56.56,1,26.5,,,,,,,0,6,61,0,15,151,51,,
build_template_banks_3132155_44.out,build,0:1:59.37,1,27.0,,,,,,,0,6,61,0,15,151,51,,
build_template_banks_3132155_45.out,build,0:1:56.77,1,27.5,,,,,,,0,6,61,0,15,151,51,,
build_template_banks_3132155_46.out,build,0:1:57.17,1,28.0,,,,,,,0,6,61,0,15,151,51,,
build_template_banks_3132155_47.out,build,0:1:56.63,1,28.5,,,,,,,0,6,61,0,15,151,51,,
build_template_banks_3132155_48.out,build,0:1:52.73,1,29.0,,,,,,,0,6,61,0,15,151,51,,
build_template_banks_3132155_49.out,build,0:1:53.02,1,29.5,,,,,,,0,6,61,0,15,151,51,,
build_template_banks_3132155_50.out,build,0:1:51.05,1,30.0,,,,,,,0,6,61,0,15,151,51,,
build_template_banks_3132155_51.out,build,0:1:49.74,1,30.5,,,,,,,0,6,61,0,15,151,51,,
build_template_banks_3132155_52.out,build,0:1:50.01,1,31.0,,,,,,,0,6,61,0,15,151,51,,
build_template_banks_3132155_53.out,build,0:1:47.07,1,31.5,,,,,,,0,6,61,0,15,151,51,,
build_template_banks_3132155_54.out,build,0:1:44.4,1,32.0,,,,,,,0,6,61,0,15,151,51,,
build_template_banks_3132155_55.out,build,0:1:43.7,1,32.5,,,,,,,0,6,61,0,15,151,51,,
build_template_banks_3132155_56.out,build,0:1:44.62,1,33.0,,,,,,,0,6,61,0,15,151,51,,
build_template_banks_3132155_57.out,build,0:1:41.31,1,33.5,,,,,,,0,6,61,0,15,151,51,,
build_template_banks_3132155_58.out,build,0:1:44.47,1,34.0,,,,,,,0,6,61,0,15,151,51,,
build_template_banks_3132155_59.out,build,0:1:41.17,1,34.5,,,,,,,0,6,61,0,15,151,51,,
build_template_banks_3132155_60.out,build,0:1:37.41,1,35.0,,,,,,,0,6,61,0,15,151,51,,
build_template_banks_3132155_61.out,build,0:1:43.84,1,35.5,,,,,,,0,6,61,0,15,151,51,,
build_template_banks_3132155_62.out,build,0:1:37.81,1,36.0,,,,,,,0,6,61,0,15,151,51,,
build_template_banks_3132155_63.out,build,0:1:33.41,1,36.5,,,,,,,0,6,61,0,15,151,51,,
build_template_banks_3132155_64.out,build,0:1:31.06,1,37.0,,,,,,,0,6,61,0,15,151,51,,
build_template_banks_3132155_65.out,build,0:1:32.1,1,37.5,,,,,,,0,6,61,0,15,151,51,,
build_template_banks_3132155_66.out,build,0:1:32.57,1,38.0,,,,,,,0,6,61,0,15,151,51,,
build_template_banks_3132155_67.out,build,0:1:29.73,1,38.5,,,,,,,0,6,61,0,15,151,51,,
build_template_banks_3132155_68.out,build,0:1:28.06,1,39.0,,,,,,,0,6,61,0,15,151,51,,
build_template_banks_3132155_69.out,build,0:1:27.24,1,39.5,,,,,,,0,6,61,0,15,151,51,,
build_template_banks_3132155_70.out,build,0:1:27.5,1,40.0,,,,,,,0,6,61,0,15,151,51,,
build_template_banks_3132155_71.out,build,0:1:26.32,1,40.5,,,,,,,0,6,61,0,15,151,51,,
build_template_banks_3132155_72.out,build,0:1:27.29,1,41.0,,,,,,,0,6,61,0,15,151,51,,
build_template_banks_3132155_73.out,build,0:1:26.12,1,41.5,,,,,,,0,6,61,0,15,151,51,,
build_template_banks_3132155_74.out,build,0:1:22.89,1,42.0,,,,,,,0,6,61,0,15,151,51,,
build_template_banks_3132155_75.out,build,0:1:24.53,1,42.5,,,,,,,0,6,61,0,15,151,51,,
build_template_banks_3132155_76.out,build,0:1:22.54,1,43.0,,,,,,,0,6,61,0,15,151,51,,
build_template_banks_3132155_77.out,build,0:1:21.67,1,43.5,,,,,,,0,6,61,0,15,151,51,,
build_template_banks_3132155_78.out,build,0:1:17.83,1,44.0,,,,,,,0,6,61,0,15,151,51,,
build_template_banks_3132155_79.out,build,0:1:18.12,1,44.5,,,,,,,0,6,61,0,15,151,51,,
build_template_banks_3132155_80.out,build,0:1:16.44,1,45.0,,,,,,,0,6,61,0,15,151,51,,
