log_file,pipeline,stage,total_time,z,mcz,mcz_min,mcz_max,mcz_pts,I,td_min_ms,td_max_ms,td_pts,omega_min,omega_max,omega_pts,theta_min,theta_max,theta_pts,gamma_pts,dtype,orientation,save_dir,save_file,date,status
build_template_banks_3053672_0.out,mcz_td,build,0:3:40.88,1e-8,11.0,,,,,,,,0,6,61,0,15,151,51,,Taman_edgeon,template_banks_z1e-08_Taman_edgeon,rp_bank_z1e-08_mcz11_omega0-6x61_theta0-15x151_gamma0-2pix51_Taman_edgeon.h5,2026-04-03,ok
build_template_banks_3053672_1.out,mcz_td,build,0:3:41.93,1e-8,12.0,,,,,,,,0,6,61,0,15,151,51,,Taman_edgeon,template_banks_z1e-08_Taman_edgeon,rp_bank_z1e-08_mcz12_omega0-6x61_theta0-15x151_gamma0-2pix51_Taman_edgeon.h5,2026-04-03,ok
build_template_banks_3053672_2.out,mcz_td,build,0:3:30.45,1e-8,13.0,,,,,,,,0,6,61,0,15,151,51,,Taman_edgeon,template_banks_z1e-08_Taman_edgeon,rp_bank_z1e-08_mcz13_omega0-6x61_theta0-15x151_gamma0-2pix51_Taman_edgeon.h5,2026-04-03,ok
build_template_banks_3053672_3.out,mcz_td,build,0:3:25.28,1e-8,14.0,,,,,,,,0,6,61,0,15,151,51,,Taman_edgeon,template_banks_z1e-08_Taman_edgeon,rp_bank_z1e-08_mcz14_omega0-6x61_theta0-15x151_gamma0-2pix51_Taman_edgeon.h5,2026-04-03,ok
build_template_banks_3053672_4.out,mcz_td,build,0:5:33.36,1e-8,15.0,,,,,,,,0,6,61,0,15,151,51,,Taman_edgeon,template_banks_z1e-08_Taman_edgeon,rp_bank_z1e-08_mcz15_omega0-6x61_theta0-15x151_gamma0-2pix51_Taman_edgeon.h5,2026-04-03,ok
build_template_banks_3053672_5.out,mcz_td,build,0:3:14.48,1e-8,16.0,,,,,,,,0,6,61,0,15,151,51,,Taman_edgeon,template_banks_z1e-08_Taman_edgeon,rp_bank_z1e-08_mcz16_omega0-6x61_theta0-15x151_gamma0-2pix51_Taman_edgeon.h5,2026-04-03,ok
build_template_banks_3053672_6.out,mcz_td,build,0:3:7.05,1e-8,17.0,,,,,,,,0,6,61,0,15,151,51,,Taman_edgeon,template_banks_z1e-08_Taman_edgeon,rp_bank_z1e-08_mcz17_omega0-6x61_theta0-15x151_gamma0-2pix51_Taman_edgeon.h5,2026-04-03,ok
build_template_banks_3053672_7.out,mcz_td,build,0:4:59.24,1e-8,18.0,,,,,,,,0,6,61,0,15,151,51,,Taman_edgeon,template_banks_z1e-08_Taman_edgeon,rp_bank_z1e-08_mcz18_omega0-6x61_theta0-15x151_gamma0-2pix51_Taman_edgeon.h5,2026-04-03,ok
build_template_banks_3053672_8.out,mcz_td,build,0:2:56.49,1e-8,19.0,,,,,,,,0,6,61,0,15,151,51,,Taman_edgeon,template_banks_z1e-08_Taman_edgeon,rp_bank_z1e-08_mcz19_omega0-6x61_theta0-15x151_gamma0-2pix51_Taman_edgeon.h5,2026-04-03,ok
build_template_banks_3053672_9.out,mcz_td,build,0:2:50.44,1e-8,20.0,,,,,,,,0,6,61,0,15,151,51,,Taman_edgeon,template_banks_z1e-08_Taman_edgeon,rp_bank_z1e-08_mcz20_omega0-6x61_theta0-15x151_gamma0-2pix51_Taman_edgeon.h5,2026-04-03,ok
build_template_banks_3053672_10.out,mcz_td,build,0:5:12.72,1e-8,21.0,,,,,,,,0,6,61,0,15,151,51,,Taman_edgeon,template_banks_z1e-08_Taman_edgeon,rp_bank_z1e-08_mcz21_omega0-6x61_theta0-15x151_gamma0-2pix51_Taman_edgeon.h5,2026-04-03,ok
build_template_banks_3053672_11.out,mcz_td,build,0:2:46.09,1e-8,22.0,,,,,,,,0,6,61,0,15,151,51,,Taman_edgeon,template_banks_z1e-08_Taman_edgeon,rp_bank_z1e-08_mcz22_omega0-6x61_theta0-15x151_gamma0-2pix51_Taman_edgeon.h5,2026-04-03,ok
build_template_banks_3053672_12.out,mcz_td,build,0:2:38.22,1e-8,23.0,,,,,,,,0,6,61,0,15,151,51,,Taman_edgeon,template_banks_z1e-08_Taman_edgeon,rp_bank_z1e-08_mcz23_omega0-6x61_theta0-15x151_gamma0-2pix51_Taman_edgeon.h5,2026-04-03,ok
build_template_banks_3053672_13.out,mcz_td,build,0:2:35.9,1e-8,24.0,,,,,,,,0,6,61,0,15,151,51,,Taman_edgeon,template_banks_z1e-08_Taman_edgeon,rp_bank_z1e-08_mcz24_omega0-6x61_theta0-15x151_gamma0-2pix51_Taman_edgeon.h5,2026-04-03,ok
build_template_banks_3053672_14.out,mcz_td,build,0:2:38.19,1e-8,25.0,,,,,,,,0,6,61,0,15,151,51,,Taman_edgeon,template_banks_z1e-08_Taman_edgeon,rp_bank_z1e-08_mcz25_omega0-6x61_theta0-15x151_gamma0-2pix51_Taman_edgeon.h5,2026-04-03,ok
build_template_banks_3053672_15.out,mcz_td,build,0:2:34.55,1e-8,26.0,,,,,,,,0,6,61,0,15,151,51,,Taman_edgeon,template_banks_z1e-08_Taman_edgeon,rp_bank_z1e-08_mcz26_omega0-6x61_theta0-15x151_gamma0-2pix51_Taman_edgeon.h5,2026-04-03,ok
build_template_banks_3053672_16.out,mcz_td,build,0:2:31.11,1e-8,27.0,,,,,,,,0,6,61,0,15,151,51,,Taman_edgeon,template_banks_z1e-08_Taman_edgeon,rp_bank_z1e-08_mcz27_omega0-6x61_theta0-15x151_gamma0-2pix51_Taman_edgeon.h5,2026-04-03,ok
build_template_banks_3053672_17.out,mcz_td,build,0:2:34.0,1e-8,28.0,,,,,,,,0,6,61,0,15,151,51,,Taman_edgeon,template_banks_z1e-08_Taman_edgeon,rp_bank_z1e-08_mcz28_omega0-6x61_theta0-15x151_gamma0-2pix51_Taman_edgeon.h5,2026-04-03,ok
build_template_banks_3053672_18.out,mcz_td,build,0:2:28.59,1e-8,29.0,,,,,,,,0,6,61,0,15,151,51,,Taman_edgeon,template_banks_z1e-08_Taman_edgeon,rp_bank_z1e-08_mcz29_omega0-6x61_theta0-15x151_gamma0-2pix51_Taman_edgeon.h5,2026-04-03,ok
build_template_banks_3053672_19.out,mcz_td,build,0:2:28.8,1e-8,30.0,,,,,,,,0,6,61,0,15,151,51,,Taman_edgeon,template_banks_z1e-08_Taman_edgeon,rp_bank_z1e-08_mcz30_omega0-6x61_theta0-15x151_gamma0-2pix51_Taman_edgeon.h5,2026-04-03,ok
build_template_banks_3053672_20.out,mcz_td,build,0:2:22.71,1e-8,31.0,,,,,,,,0,6,61,0,15,151,51,,Taman_edgeon,template_banks_z1e-08_Taman_edgeon,rp_bank_z1e-08_mcz31_omega0-6x61_theta0-15x151_gamma0-2pix51_Taman_edgeon.h5,2026-04-03,ok
build_template_banks_3053672_21.out,mcz_td,build,0:2:24.04,1e-8,32.0,,,,,,,,0,6,61,0,15,151,51,,Taman_edgeon,template_banks_z1e-08_Taman_edgeon,rp_bank_z1e-08_mcz32_omega0-6x61_theta0-15x151_gamma0-2pix51_Taman_edgeon.h5,2026-04-03,ok
build_template_banks_3053672_22.out,mcz_td,build,0:2:21.86,1e-8,33.0,,,,,,,,0,6,61,0,15,151,51,,Taman_edgeon,template_banks_z1e-08_Taman_edgeon,rp_bank_z1e-08_mcz33_omega0-6x61_theta0-15x151_gamma0-2pix51_Taman_edgeon.h5,2026-04-03,ok
build_template_banks_3053672_23.out,mcz_td,build,0:2:19.63,1e-8,34.0,,,,,,,,0,6,61,0,15,151,51,,Taman_edgeon,template_banks_z1e-08_Taman_edgeon,rp_bank_z1e-08_mcz34_omega0-6x61_theta0-15x151_gamma0-2pix51_Taman_edgeon.h5,2026-04-03,ok
build_template_banks_3053672_24.out,mcz_td,build,0:2:18.49,1e-8,35.0,,,,,,,,0,6,61,0,15,151,51,,Taman_edgeon,template_banks_z1e-08_Taman_edgeon,rp_bank_z1e-08_mcz35_omega0-6x61_theta0-15x151_gamma0-2pix51_Taman_edgeon.h5,2026-04-03,ok
build_template_banks_3053672_25.out,mcz_td,build,0:2:17.86,1e-8,36.0,,,,,,,,0,6,61,0,15,151,51,,Taman_edgeon,template_banks_z1e-08_Taman_edgeon,rp_bank_z1e-08_mcz36_omega0-6x61_theta0-15x151_gamma0-2pix51_Taman_edgeon.h5,2026-04-03,ok
build_template_banks_3053672_26.out,mcz_td,build,0:2:18.24,1e-8,37.0,,,,,,,,0,6,61,0,15,151,51,,Taman_edgeon,template_banks_z1e-08_Taman_edgeon,rp_bank_z1e-08_mcz37_omega0-6x61_theta0-15x151_gamma0-2pix51_Taman_edgeon.h5,2026-04-03,ok
build_template_banks_3053672_27.out,mcz_td,build,0:2:16.24,1e-8,38.0,,,,,,,,0,6,61,0,15,151,51,,Taman_edgeon,template_banks_z1e-08_Taman_edgeon,rp_bank_z1e-08_mcz38_omega0-6x61_theta0-15x151_gamma0-2pix51_Taman_edgeon.h5,2026-04-03,ok
build_template_banks_3053672_28.out,mcz_td,build,0:2:14.15,1e-8,39.0,,,,,,,,0,6,61,0,15,151,51,,Taman_edgeon,template_banks_z1e-08_Taman_edgeon,rp_bank_z1e-08_mcz39_omega0-6x61_theta0-15x151_gamma0-2pix51_Taman_edgeon.h5,2026-04-03,ok
build_template_banks_3053672_29.out,mcz_td,build,0:2:12.56,1e-8,40.0,,,,,,,,0,6,61,0,15,151,51,,Taman_edgeon,template_banks_z1e-08_Taman_edgeon,rp_bank_z1e-08_mcz40_omega0-6x61_theta0-15x151_gamma0-2pix51_Taman_edgeon.h5,2026-04-03,ok
build_template_banks_test_3053582_0.out,mcz_td,build,,1e-8,,80.0,89.0,10,,,,,0,6,61,0,15,151,51,,Taman_edgeon,template_banks_z1e-08_Taman_edgeon,,2026-04-03,partial
build_template_banks_test_3053638_0.out,mcz_td,build,0:2:31.62,1e-8,,89.0,90.0,2,,,,,0,6,61,0,15,151,51,,Taman_edgeon,template_banks_z1e-08_Taman_edgeon,,2026-04-03,ok
build_template_banks_test_3053651_0.out,mcz_td,build,0:4:11.05,1e-8,10.0,,,,,,,,0,6,61,0,15,151,51,,Taman_edgeon,template_banks_z1e-08_Taman_edgeon,rp_bank_z1e-08_mcz10_omega0-6x61_theta0-15x151_gamma0-2pix51_Taman_edgeon.h5,2026-04-03,ok
build_template_banks_test_3053652_0.out,mcz_td,build,0:18:8.92,1e-8,,70.0,79.0,10,,,,,0,6,61,0,15,151,51,,Taman_edgeon,template_banks_z1e-08_Taman_edgeon,,2026-04-03,ok
build_template_banks_test_3053685_0.out,mcz_td,build,0:20:35.58,1e-8,,60.0,69.0,10,,,,,0,6,61,0,15,151,51,,Taman_edgeon,template_banks_z1e-08_Taman_edgeon,,2026-04-03,ok
build_template_banks_test_3053697_0.out,mcz_td,build,0:23:59.0,1e-8,,50.0,59.0,10,,,,,0,6,61,0,15,151,51,,Taman_edgeon,template_banks_z1e-08_Taman_edgeon,,2026-04-03,ok
build_template_banks_test_3053745_0.out,mcz_td,build,0:27:0.62,1e-8,,40.0,49.0,10,,,,,0,6,61,0,15,151,51,,Taman_edgeon,template_banks_z1e-08_Taman_edgeon,,2026-04-03,ok
build_template_banks_test_3053783_0.out,mcz_td,build,0:2:12.22,1e-8,40.0,,,,,,,,0,6,61,0,15,151,51,,Taman_edgeon,template_banks_z1e-08_Taman_edgeon,rp_bank_z1e-08_mcz40_omega0-6x61_theta0-15x151_gamma0-2pix51_Taman_edgeon.h5,2026-04-03,ok
compute_mismatch_3053758_0.out,mcz_td,mismatch,0:6:54.69,1e-8,10.0,,,,0.5,20,70,51,0,6,61,0,15,151,51,,Taman_edgeon,mismatch_I0p5_z1e-08_mcz10-90_td20-70_Taman_edgeon/mismatch_cubes,mismatch_cubes_z1e-08_mcz10_I0p5_td20-70x51_omega0-6x61_theta0-15x151_gamma0-2pix51_Taman_edgeon.h5,2026-04-03,ok
compute_mismatch_3053758_1.out,mcz_td,mismatch,0:6:38.07,1e-8,11.0,,,,0.5,20,70,51,0,6,61,0,15,151,51,,Taman_edgeon,mismatch_I0p5_z1e-08_mcz10-90_td20-70_Taman_edgeon/mismatch_cubes,mismatch_cubes_z1e-08_mcz11_I0p5_td20-70x51_omega0-6x61_theta0-15x151_gamma0-2pix51_Taman_edgeon.h5,2026-04-03,ok
compute_mismatch_3053758_2.out,mcz_td,mismatch,0:6:36.75,1e-8,12.0,,,,0.5,20,70,51,0,6,61,0,15,151,51,,Taman_edgeon,mismatch_I0p5_z1e-08_mcz10-90_td20-70_Taman_edgeon/mismatch_cubes,mismatch_cubes_z1e-08_mcz12_I0p5_td20-70x51_omega0-6x61_theta0-15x151_gamma0-2pix51_Taman_edgeon.h5,2026-04-03,ok
compute_mismatch_3053758_3.out,mcz_td,mismatch,0:6:22.57,1e-8,13.0,,,,0.5,20,70,51,0,6,61,0,15,151,51,,Taman_edgeon,mismatch_I0p5_z1e-08_mcz10-90_td20-70_Taman_edgeon/mismatch_cubes,mismatch_cubes_z1e-08_mcz13_I0p5_td20-70x51_omega0-6x61_theta0-15x151_gamma0-2pix51_Taman_edgeon.h5,2026-04-03,ok
compute_mismatch_3053758_4.out,mcz_td,mismatch,0:6:30.51,1e-8,14.0,,,,0.5,20,70,51,0,6,61,0,15,151,51,,Taman_edgeon,mismatch_I0p5_z1e-08_mcz10-90_td20-70_Taman_edgeon/mismatch_cubes,mismatch_cubes_z1e-08_mcz14_I0p5_td20-70x51_omega0-6x61_theta0-15x151_gamma0-2pix51_Taman_edgeon.h5,2026-04-03,ok
compute_mismatch_3053758_5.out,mcz_td,mismatch,0:6:9.63,1e-8,15.0,,,,0.5,20,70,51,0,6,61,0,15,151,51,,Taman_edgeon,mismatch_I0p5_z1e-08_mcz10-90_td20-70_Taman_edgeon/mismatch_cubes,mismatch_cubes_z1e-08_mcz15_I0p5_td20-70x51_omega0-6x61_theta0-15x151_gamma0-2pix51_Taman_edgeon.h5,2026-04-03,ok
compute_mismatch_3053758_6.out,mcz_td,mismatch,0:6:22.92,1e-8,16.0,,,,0.5,20,70,51,0,6,61,0,15,151,51,,Taman_edgeon,mismatch_I0p5_z1e-08_mcz10-90_td20-70_Taman_edgeon/mismatch_cubes,mismatch_cubes_z1e-08_mcz16_I0p5_td20-70x51_omega0-6x61_theta0-15x151_gamma0-2pix51_Taman_edgeon.h5,2026-04-03,ok
compute_mismatch_3053758_7.out,mcz_td,mismatch,0:6:1.6,1e-8,17.0,,,,0.5,20,70,51,0,6,61,0,15,151,51,,Taman_edgeon,mismatch_I0p5_z1e-08_mcz10-90_td20-70_Taman_edgeon/mismatch_cubes,mismatch_cubes_z1e-08_mcz17_I0p5_td20-70x51_omega0-6x61_theta0-15x151_gamma0-2pix51_Taman_edgeon.h5,2026-04-03,ok
compute_mismatch_3053758_8.out,mcz_td,mismatch,0:5:51.23,1e-8,18.0,,,,0.5,20,70,51,0,6,61,0,15,151,51,,Taman_edgeon,mismatch_I0p5_z1e-08_mcz10-90_td20-70_Taman_edgeon/mismatch_cubes,mismatch_cubes_z1e-08_mcz18_I0p5_td20-70x51_omega0-6x61_theta0-15x151_gamma0-2pix51_Taman_edgeon.h5,2026-04-03,ok
compute_mismatch_3053758_9.out,mcz_td,mismatch,0:5:43.78,1e-8,19.0,,,,0.5,20,70,51,0,6,61,0,15,151,51,,Taman_edgeon,mismatch_I0p5_z1e-08_mcz10-90_td20-70_Taman_edgeon/mismatch_cubes,mismatch_cubes_z1e-08_mcz19_I0p5_td20-70x51_omega0-6x61_theta0-15x151_gamma0-2pix51_Taman_edgeon.h5,2026-04-03,ok
compute_mismatch_3053769_0.out,mcz_td,mismatch,0:5:55.77,1e-8,20.0,,,,0.5,20,70,51,0,6,61,0,15,151,51,,Taman_edgeon,mismatch_I0p5_z1e-08_mcz10-90_td20-70_Taman_edgeon/mismatch_cubes,mismatch_cubes_z1e-08_mcz20_I0p5_td20-70x51_omega0-6x61_theta0-15x151_gamma0-2pix51_Taman_edgeon.h5,2026-04-03,ok
compute_mismatch_3053769_1.out,mcz_td,mismatch,0:5:39.17,1e-8,21.0,,,,0.5,20,70,51,0,6,61,0,15,151,51,,Taman_edgeon,mismatch_I0p5_z1e-08_mcz10-90_td20-70_Taman_edgeon/mismatch_cubes,mismatch_cubes_z1e-08_mcz21_I0p5_td20-70x51_omega0-6x61_theta0-15x151_gamma0-2pix51_Taman_edgeon.h5,2026-04-03,ok
compute_mismatch_3053769_2.out,mcz_td,mismatch,0:5:44.89,1e-8,22.0,,,,0.5,20,70,51,0,6,61,0,15,151,51,,Taman_edgeon,mismatch_I0p5_z1e-08_mcz10-90_td20-70_Taman_edgeon/mismatch_cubes,mismatch_cubes_z1e-08_mcz22_I0p5_td20-70x51_omega0-6x61_theta0-15x151_gamma0-2pix51_Taman_edgeon.h5,2026-04-03,ok
compute_mismatch_3053769_3.out,mcz_td,mismatch,0:5:34.48,1e-8,23.0,,,,0.5,20,70,51,0,6,61,0,15,151,51,,Taman_edgeon,mismatch_I0p5_z1e-08_mcz10-90_td20-70_Taman_edgeon/mismatch_cubes,mismatch_cubes_z1e-08_mcz23_I0p5_td20-70x51_omega0-6x61_theta0-15x151_gamma0-2pix51_Taman_edgeon.h5,2026-04-03,ok
compute_mismatch_3053769_4.out,mcz_td,mismatch,0:5:35.09,1e-8,24.0,,,,0.5,20,70,51,0,6,61,0,15,151,51,,Taman_edgeon,mismatch_I0p5_z1e-08_mcz10-90_td20-70_Taman_edgeon/mismatch_cubes,mismatch_cubes_z1e-08_mcz24_I0p5_td20-70x51_omega0-6x61_theta0-15x151_gamma0-2pix51_Taman_edgeon.h5,2026-04-03,ok
compute_mismatch_3053769_5.out,mcz_td,mismatch,0:5:49.68,1e-8,25.0,,,,0.5,20,70,51,0,6,61,0,15,151,51,,Taman_edgeon,mismatch_I0p5_z1e-08_mcz10-90_td20-70_Taman_edgeon/mismatch_cubes,mismatch_cubes_z1e-08_mcz25_I0p5_td20-70x51_omega0-6x61_theta0-15x151_gamma0-2pix51_Taman_edgeon.h5,2026-04-03,ok
compute_mismatch_3053769_6.out,mcz_td,mismatch,0:5:49.23,1e-8,26.0,,,,0.5,20,70,51,0,6,61,0,15,151,51,,Taman_edgeon,mismatch_I0p5_z1e-08_mcz10-90_td20-70_Taman_edgeon/mismatch_cubes,mismatch_cubes_z1e-08_mcz26_I0p5_td20-70x51_omega0-6x61_theta0-15x151_gamma0-2pix51_Taman_edgeon.h5,2026-04-03,ok
compute_mismatch_3053769_7.out,mcz_td,mismatch,0:5:37.32,1e-8,27.0,,,,0.5,20,70,51,0,6,61,0,15,151,51,,Taman_edgeon,mismatch_I0p5_z1e-08_mcz10-90_td20-70_Taman_edgeon/mismatch_cubes,mismatch_cubes_z1e-08_mcz27_I0p5_td20-70x51_omega0-6x61_theta0-15x151_gamma0-2pix51_Taman_edgeon.h5,2026-04-03,ok
compute_mismatch_3053769_8.out,mcz_td,mismatch,0:5:44.91,1e-8,28.0,,,,0.5,20,70,51,0,6,61,0,15,151,51,,Taman_edgeon,mismatch_I0p5_z1e-08_mcz10-90_td20-70_Taman_edgeon/mismatch_cubes,mismatch_cubes_z1e-08_mcz28_I0p5_td20-70x51_omega0-6x61_theta0-15x151_gamma0-2pix51_Taman_edgeon.h5,2026-04-03,ok
compute_mismatch_3053769_9.out,mcz_td,mismatch,0:5:26.69,1e-8,29.0,,,,0.5,20,70,51,0,6,61,0,15,151,51,,Taman_edgeon,mismatch_I0p5_z1e-08_mcz10-90_td20-70_Taman_edgeon/mismatch_cubes,mismatch_cubes_z1e-08_mcz29_I0p5_td20-70x51_omega0-6x61_theta0-15x151_gamma0-2pix51_Taman_edgeon.h5,2026-04-03,ok
compute_mismatch_3053769_10.out,mcz_td,mismatch,0:5:27.66,1e-8,30.0,,,,0.5,20,70,51,0,6,61,0,15,151,51,,Taman_edgeon,mismatch_I0p5_z1e-08_mcz10-90_td20-70_Taman_edgeon/mismatch_cubes,mismatch_cubes_z1e-08_mcz30_I0p5_td20-70x51_omega0-6x61_theta0-15x151_gamma0-2pix51_Taman_edgeon.h5,2026-04-03,ok
compute_mismatch_3053769_11.out,mcz_td,mismatch,0:5:30.99,1e-8,31.0,,,,0.5,20,70,51,0,6,61,0,15,151,51,,Taman_edgeon,mismatch_I0p5_z1e-08_mcz10-90_td20-70_Taman_edgeon/mismatch_cubes,mismatch_cubes_z1e-08_mcz31_I0p5_td20-70x51_omega0-6x61_theta0-15x151_gamma0-2pix51_Taman_edgeon.h5,2026-04-03,ok
compute_mismatch_3053769_12.out,mcz_td,mismatch,0:5:44.22,1e-8,32.0,,,,0.5,20,70,51,0,6,61,0,15,151,51,,Taman_edgeon,mismatch_I0p5_z1e-08_mcz10-90_td20-70_Taman_edgeon/mismatch_cubes,mismatch_cubes_z1e-08_mcz32_I0p5_td20-70x51_omega0-6x61_theta0-15x151_gamma0-2pix51_Taman_edgeon.h5,2026-04-03,ok
compute_mismatch_3053769_13.out,mcz_td,mismatch,0:5:52.98,1e-8,33.0,,,,0.5,20,70,51,0,6,61,0,15,151,51,,Taman_edgeon,mismatch_I0p5_z1e-08_mcz10-90_td20-70_Taman_edgeon/mismatch_cubes,mismatch_cubes_z1e-08_mcz33_I0p5_td20-70x51_omega0-6x61_theta0-15x151_gamma0-2pix51_Taman_edgeon.h5,2026-04-03,ok
compute_mismatch_3053769_14.out,mcz_td,mismatch,0:5:44.71,1e-8,34.0,,,,0.5,20,70,51,0,6,61,0,15,151,51,,Taman_edgeon,mismatch_I0p5_z1e-08_mcz10-90_td20-70_Taman_edgeon/mismatch_cubes,mismatch_cubes_z1e-08_mcz34_I0p5_td20-70x51_omega0-6x61_theta0-15x151_gamma0-2pix51_Taman_edgeon.h5,2026-04-03,ok
compute_mismatch_3053769_15.out,mcz_td,mismatch,0:5:35.83,1e-8,35.0,,,,0.5,20,70,51,0,6,61,0,15,151,51,,Taman_edgeon,mismatch_I0p5_z1e-08_mcz10-90_td20-70_Taman_edgeon/mismatch_cubes,mismatch_cubes_z1e-08_mcz35_I0p5_td20-70x51_omega0-6x61_theta0-15x151_gamma0-2pix51_Taman_edgeon.h5,2026-04-03,ok
compute_mismatch_3053769_16.out,mcz_td,mismatch,0:5:30.18,1e-8,36.0,,,,0.5,20,70,51,0,6,61,0,15,151,51,,Taman_edgeon,mismatch_I0p5_z1e-08_mcz10-90_td20-70_Taman_edgeon/mismatch_cubes,mismatch_cubes_z1e-08_mcz36_I0p5_td20-70x51_omega0-6x61_theta0-15x151_gamma0-2pix51_Taman_edgeon.h5,2026-04-03,ok
compute_mismatch_3053769_17.out,mcz_td,mismatch,0:5:30.05,1e-8,37.0,,,,0.5,20,70,51,0,6,61,0,15,151,51,,Taman_edgeon,mismatch_I0p5_z1e-08_mcz10-90_td20-70_Taman_edgeon/mismatch_cubes,mismatch_cubes_z1e-08_mcz37_I0p5_td20-70x51_omega0-6x61_theta0-15x151_gamma0-2pix51_Taman_edgeon.h5,2026-04-03,ok
compute_mismatch_3053769_18.out,mcz_td,mismatch,0:5:31.18,1e-8,38.0,,,,0.5,20,70,51,0,6,61,0,15,151,51,,Taman_edgeon,mismatch_I0p5_z1e-08_mcz10-90_td20-70_Taman_edgeon/mismatch_cubes,mismatch_cubes_z1e-08_mcz38_I0p5_td20-70x51_omega0-6x61_theta0-15x151_gamma0-2pix51_Taman_edgeon.h5,2026-04-03,ok
compute_mismatch_3053769_19.out,mcz_td,mismatch,0:5:32.93,1e-8,39.0,,,,0.5,20,70,51,0,6,61,0,15,151,51,,Taman_edgeon,mismatch_I0p5_z1e-08_mcz10-90_td20-70_Taman_edgeon/mismatch_cubes,mismatch_cubes_z1e-08_mcz39_I0p5_td20-70x51_omega0-6x61_theta0-15x151_gamma0-2pix51_Taman_edgeon.h5,2026-04-03,ok
compute_mismatch_3053794_0.out,mcz_td,mismatch,0:5:21.33,1e-8,40.0,,,,0.5,20,70,51,0,6,61,0,15,151,51,,Taman_edgeon,mismatch_I0p5_z1e-08_mcz10-90_td20-70_Taman_edgeon/mismatch_cubes,mismatch_cubes_z1e-08_mcz40_I0p5_td20-70x51_omega0-6x61_theta0-15x151_gamma0-2pix51_Taman_edgeon.h5,2026-04-03,ok
compute_mismatch_3053794_1.out,mcz_td,mismatch,0:5:23.17,1e-8,41.0,,,,0.5,20,70,51,0,6,61,0,15,151,51,,Taman_edgeon,mismatch_I0p5_z1e-08_mcz10-90_td20-70_Taman_edgeon/mismatch_cubes,mismatch_cubes_z1e-08_mcz41_I0p5_td20-70x51_omega0-6x61_theta0-15x151_gamma0-2pix51_Taman_edgeon.h5,2026-04-03,ok
compute_mismatch_3053794_2.out,mcz_td,mismatch,0:5:21.6,1e-8,42.0,,,,0.5,20,70,51,0,6,61,0,15,151,51,,Taman_edgeon,mismatch_I0p5_z1e-08_mcz10-90_td20-70_Taman_edgeon/mismatch_cubes,mismatch_cubes_z1e-08_mcz42_I0p5_td20-70x51_omega0-6x61_theta0-15x151_gamma0-2pix51_Taman_edgeon.h5,2026-04-03,ok
compute_mismatch_3053794_3.out,mcz_td,mismatch,0:5:43.1,1e-8,43.0,,,,0.5,20,70,51,0,6,61,0,15,151,51,,Taman_edgeon,mismatch_I0p5_z1e-08_mcz10-90_td20-70_Taman_edgeon/mismatch_cubes,mismatch_cubes_z1e-08_mcz43_I0p5_td20-70x51_omega0-6x61_theta0-15x151_gamma0-2pix51_Taman_edgeon.h5,2026-04-03,ok
compute_mismatch_3053794_4.out,mcz_td,mismatch,0:5:43.6,1e-8,44.0,,,,0.5,20,70,51,0,6,61,0,15,151,51,,Taman_edgeon,mismatch_I0p5_z1e-08_mcz10-90_td20-70_Taman_edgeon/mismatch_cubes,mismatch_cubes_z1e-08_mcz44_I0p5_td20-70x51_omega0-6x61_theta0-15x151_gamma0-2pix51_Taman_edgeon.h5,2026-04-03,ok
compute_mismatch_3053794_5.out,mcz_td,mismatch,0:5:36.59,1e-8,45.0,,,,0.5,20,70,51,0,6,61,0,15,151,51,,Taman_edgeon,mismatch_I0p5_z1e-08_mcz10-90_td20-70_Taman_edgeon/mismatch_cubes,mismatch_cubes_z1e-08_mcz45_I0p5_td20-70x51_omega0-6x61_theta0-15x151_gamma0-2pix51_Taman_edgeon.h5,2026-04-03,ok
compute_mismatch_3053794_6.out,mcz_td,mismatch,0:5:37.29,1e-8,46.0,,,,0.5,20,70,51,0,6,61,0,15,151,51,,Taman_edgeon,mismatch_I0p5_z1e-08_mcz10-90_td20-70_Taman_edgeon/mismatch_cubes,mismatch_cubes_z1e-08_mcz46_I0p5_td20-70x51_omega0-6x61_theta0-15x151_gamma0-2pix51_Taman_edgeon.h5,2026-04-03,ok
compute_mismatch_3053794_7.out,mcz_td,mismatch,0:5:36.29,1e-8,47.0,,,,0.5,20,70,51,0,6,61,0,15,151,51,,Taman_edgeon,mismatch_I0p5_z1e-08_mcz10-90_td20-70_Taman_edgeon/mismatch_cubes,mismatch_cubes_z1e-08_mcz47_I0p5_td20-70x51_omega0-6x61_theta0-15x151_gamma0-2pix51_Taman_edgeon.h5,2026-04-03,ok
compute_mismatch_3053794_8.out,mcz_td,mismatch,0:5:32.74,1e-8,48.0,,,,0.5,20,70,51,0,6,61,0,15,151,51,,Taman_edgeon,mismatch_I0p5_z1e-08_mcz10-90_td20-70_Taman_edgeon/mismatch_cubes,mismatch_cubes_z1e-08_mcz48_I0p5_td20-70x51_omega0-6x61_theta0-15x151_gamma0-2pix51_Taman_edgeon.h5,2026-04-03,ok
compute_mismatch_3053794_9.out,mcz_td,mismatch,0:5:25.09,1e-8,49.0,,,,0.5,20,70,51,0,6,61,0,15,151,51,,Taman_edgeon,mismatch_I0p5_z1e-08_mcz10-90_td20-70_Taman_edgeon/mismatch_cubes,mismatch_cubes_z1e-08_mcz49_I0p5_td20-70x51_omega0-6x61_theta0-15x151_gamma0-2pix51_Taman_edgeon.h5,2026-04-03,ok
compute_mismatch_3053794_10.out,mcz_td,mismatch,0:5:27.3,1e-8,50.0,,,,0.5,20,70,51,0,6,61,0,15,151,51,,Taman_edgeon,mismatch_I0p5_z1e-08_mcz10-90_td20-70_Taman_edgeon/mismatch_cubes,mismatch_cubes_z1e-08_mcz50_I0p5_td20-70x51_omega0-6x61_theta0-15x151_gamma0-2pix51_Taman_edgeon.h5,2026-04-03,ok
compute_mismatch_3053794_11.out,mcz_td,mismatch,0:5:17.0,1e-8,51.0,,,,0.5,20,70,51,0,6,61,0,15,151,51,,Taman_edgeon,mismatch_I0p5_z1e-08_mcz10-90_td20-70_Taman_edgeon/mismatch_cubes,mismatch_cubes_z1e-08_mcz51_I0p5_td20-70x51_omega0-6x61_theta0-15x151_gamma0-2pix51_Taman_edgeon.h5,2026-04-03,ok
compute_mismatch_3053794_12.out,mcz_td,mismatch,0:5:14.46,1e-8,52.0,,,,0.5,20,70,51,0,6,61,0,15,151,51,,Taman_edgeon,mismatch_I0p5_z1e-08_mcz10-90_td20-70_Taman_edgeon/mismatch_cubes,mismatch_cubes_z1e-08_mcz52_I0p5_td20-70x51_omega0-6x61_theta0-15x151_gamma0-2pix51_Taman_edgeon.h5,2026-04-03,ok
compute_mismatch_3053794_13.out,mcz_td,mismatch,0:5:14.72,1e-8,53.0,,,,0.5,20,70,51,0,6,61,0,15,151,51,,Taman_edgeon,mismatch_I0p5_z1e-08_mcz10-90_td20-70_Taman_edgeon/mismatch_cubes,mismatch_cubes_z1e-08_mcz53_I0p5_td20-70x51_omega0-6x61_theta0-15x151_gamma0-2pix51_Taman_edgeon.h5,2026-04-03,ok
compute_mismatch_3053794_14.out,mcz_td,mismatch,0:5:9.38,1e-8,54.0,,,,0.5,20,70,51,0,6,61,0,15,151,51,,Taman_edgeon,mismatch_I0p5_z1e-08_mcz10-90_td20-70_Taman_edgeon/mismatch_cubes,mismatch_cubes_z1e-08_mcz54_I0p5_td20-70x51_omega0-6x61_theta0-15x151_gamma0-2pix51_Taman_edgeon.h5,2026-04-03,ok
compute_mismatch_3053794_15.out,mcz_td,mismatch,0:5:17.31,1e-8,55.0,,,,0.5,20,70,51,0,6,61,0,15,151,51,,Taman_edgeon,mismatch_I0p5_z1e-08_mcz10-90_td20-70_Taman_edgeon/mismatch_cubes,mismatch_cubes_z1e-08_mcz55_I0p5_td20-70x51_omega0-6x61_theta0-15x151_gamma0-2pix51_Taman_edgeon.h5,2026-04-03,ok
compute_mismatch_3053794_16.out,mcz_td,mismatch,0:5:21.06,1e-8,56.0,,,,0.5,20,70,51,0,6,61,0,15,151,51,,Taman_edgeon,mismatch_I0p5_z1e-08_mcz10-90_td20-70_Taman_edgeon/mismatch_cubes,mismatch_cubes_z1e-08_mcz56_I0p5_td20-70x51_omega0-6x61_theta0-15x151_gamma0-2pix51_Taman_edgeon.h5,2026-04-03,ok
compute_mismatch_3053794_17.out,mcz_td,mismatch,0:5:21.5,1e-8,57.0,,,,0.5,20,70,51,0,6,61,0,15,151,51,,Taman_edgeon,mismatch_I0p5_z1e-08_mcz10-90_td20-70_Taman_edgeon/mismatch_cubes,mismatch_cubes_z1e-08_mcz57_I0p5_td20-70x51_omega0-6x61_theta0-15x151_gamma0-2pix51_Taman_edgeon.h5,2026-04-03,ok
compute_mismatch_3053794_18.out,mcz_td,mismatch,0:5:10.45,1e-8,58.0,,,,0.5,20,70,51,0,6,61,0,15,151,51,,Taman_edgeon,mismatch_I0p5_z1e-08_mcz10-90_td20-70_Taman_edgeon/mismatch_cubes,mismatch_cubes_z1e-08_mcz58_I0p5_td20-70x51_omega0-6x61_theta0-15x151_gamma0-2pix51_Taman_edgeon.h5,2026-04-03,ok
compute_mismatch_3053794_19.out,mcz_td,mismatch,0:5:8.33,1e-8,59.0,,,,0.5,20,70,51,0,6,61,0,15,151,51,,Taman_edgeon,mismatch_I0p5_z1e-08_mcz10-90_td20-70_Taman_edgeon/mismatch_cubes,mismatch_cubes_z1e-08_mcz59_I0p5_td20-70x51_omega0-6x61_theta0-15x151_gamma0-2pix51_Taman_edgeon.h5,2026-04-03,ok
compute_mismatch_3053794_20.out,mcz_td,mismatch,0:5:9.31,1e-8,60.0,,,,0.5,20,70,51,0,6,61,0,15,151,51,,Taman_edgeon,mismatch_I0p5_z1e-08_mcz10-90_td20-70_Taman_edgeon/mismatch_cubes,mismatch_cubes_z1e-08_mcz60_I0p5_td20-70x51_omega0-6x61_theta0-15x151_gamma0-2pix51_Taman_edgeon.h5,2026-04-03,ok
compute_mismatch_3053794_21.out,mcz_td,mismatch,0:5:4.79,1e-8,61.0,,,,0.5,20,70,51,0,6,61,0,15,151,51,,Taman_edgeon,mismatch_I0p5_z1e-08_mcz10-90_td20-70_Taman_edgeon/mismatch_cubes,mismatch_cubes_z1e-08_mcz61_I0p5_td20-70x51_omega0-6x61_theta0-15x151_gamma0-2pix51_Taman_edgeon.h5,2026-04-03,ok
compute_mismatch_3053794_22.out,mcz_td,mismatch,0:5:18.52,1e-8,62.0,,,,0.5,20,70,51,0,6,61,0,15,151,51,,Taman_edgeon,mismatch_I0p5_z1e-08_mcz10-90_td20-70_Taman_edgeon/mismatch_cubes,mismatch_cubes_z1e-08_mcz62_I0p5_td20-70x51_omega0-6x61_theta0-15x151_gamma0-2pix51_Taman_edgeon.h5,2026-04-03,ok
compute_mismatch_3053794_23.out,mcz_td,mismatch,0:5:24.35,1e-8,63.0,,,,0.5,20,70,51,0,6,61,0,15,151,51,,Taman_edgeon,mismatch_I0p5_z1e-08_mcz10-90_td20-70_Taman_edgeon/mismatch_cubes,mismatch_cubes_z1e-08_mcz63_I0p5_td20-70x51_omega0-6x61_theta0-15x151_gamma0-2pix51_Taman_edgeon.h5,2026-04-03,ok
compute_mismatch_3053794_24.out,mcz_td,mismatch,0:5:25.26,1e-8,64.0,,,,0.5,20,70,51,0,6,61,0,15,151,51,,Taman_edgeon,mismatch_I0p5_z1e-08_mcz10-90_td20-70_Taman_edgeon/mismatch_cubes,mismatch_cubes_z1e-08_mcz64_I0p5_td20-70x51_omega0-6x61_theta0-15x151_gamma0-2pix51_Taman_edgeon.h5,2026-04-03,ok
compute_mismatch_3053794_25.out,mcz_td,mismatch,0:5:11.56,1e-8,65.0,,,,0.5,20,70,51,0,6,61,0,15,151,51,,Taman_edgeon,mismatch_I0p5_z1e-08_mcz10-90_td20-70_Taman_edgeon/mismatch_cubes,mismatch_cubes_z1e-08_mcz65_I0p5_td20-70x51_omega0-6x61_theta0-15x151_gamma0-2pix51_Taman_edgeon.h5,2026-04-03,ok
compute_mismatch_3053794_26.out,mcz_td,mismatch,0:5:11.48,1e-8,66.0,,,,0.5,20,70,51,0,6,61,0,15,151,51,,Taman_edgeon,mismatch_I0p5_z1e-08_mcz10-90_td20-70_Taman_edgeon/mismatch_cubes,mismatch_cubes_z1e-08_mcz66_I0p5_td20-70x51_omega0-6x61_theta0-15x151_gamma0-2pix51_Taman_edgeon.h5,2026-04-03,ok
compute_mismatch_3053794_27.out,mcz_td,mismatch,0:5:11.91,1e-8,67.0,,,,0.5,20,70,51,0,6,61,0,15,151,51,,Taman_edgeon,mismatch_I0p5_z1e-08_mcz10-90_td20-70_Taman_edgeon/mismatch_cubes,mismatch_cubes_z1e-08_mcz67_I0p5_td20-70x51_omega0-6x61_theta0-15x151_gamma0-2pix51_Taman_edgeon.h5,2026-04-03,ok
compute_mismatch_3053794_28.out,mcz_td,mismatch,0:5:14.44,1e-8,68.0,,,,0.5,20,70,51,0,6,61,0,15,151,51,,Taman_edgeon,mismatch_I0p5_z1e-08_mcz10-90_td20-70_Taman_edgeon/mismatch_cubes,mismatch_cubes_z1e-08_mcz68_I0p5_td20-70x51_omega0-6x61_theta0-15x151_gamma0-2pix51_Taman_edgeon.h5,2026-04-03,ok
compute_mismatch_3053794_29.out,mcz_td,mismatch,0:5:7.72,1e-8,69.0,,,,0.5,20,70,51,0,6,61,0,15,151,51,,Taman_edgeon,mismatch_I0p5_z1e-08_mcz10-90_td20-70_Taman_edgeon/mismatch_cubes,mismatch_cubes_z1e-08_mcz69_I0p5_td20-70x51_omega0-6x61_theta0-15x151_gamma0-2pix51_Taman_edgeon.h5,2026-04-03,ok
compute_mismatch_test_3053754_0.out,mcz_td,mismatch,0:59:4.05,1e-8,,80.0,90.0,11,0.5,20,70,51,0,6,61,0,15,151,51,,Taman_edgeon,mismatch_I0p5_z1e-08_mcz10-90_td20-70_Taman_edgeon/mismatch_cubes,,2026-04-03,ok
compute_mismatch_test_3053755_0.out,mcz_td,mismatch,0:54:28.45,1e-8,,70.0,79.0,10,0.5,20,70,51,0,6,61,0,15,151,51,,Taman_edgeon,mismatch_I0p5_z1e-08_mcz10-90_td20-70_Taman_edgeon/mismatch_cubes,,2026-04-03,ok
