log_file,pipeline,stage,total_time,z,mcz,mcz_min,mcz_max,mcz_pts,I,I_min,I_max,I_pts,td_min_ms,td_max_ms,td_pts,omega_min,omega_max,omega_pts,theta_min,theta_max,theta_pts,gamma_pts,dtype,orientation,save_dir,save_file,date,status,Note
compute_mismatch_I_td_cubes_3138901_0.out,I_td,mismatch,0:5:38.46,1,15,,,,0.1,,,,20,70,51,0,6,61,0,15,151,51,,Taman_random,mismatch_z1_mcz15_I0p1-0p9_td20-70_Taman_random/mismatch_cubes,mismatch_cubes_z1_mcz15_I0p1_td20-70x51_omega0-6x61_theta0-15x151_gamma0-2pix51_Taman_random.h5,2026-05-02,ok,
compute_mismatch_I_td_cubes_3138901_1.out,I_td,mismatch,0:5:42.15,1,15,,,,0.11,,,,20,70,51,0,6,61,0,15,151,51,,Taman_random,mismatch_z1_mcz15_I0p1-0p9_td20-70_Taman_random/mismatch_cubes,mismatch_cubes_z1_mcz15_I0p11_td20-70x51_omega0-6x61_theta0-15x151_gamma0-2pix51_Taman_random.h5,2026-05-02,ok,
compute_mismatch_I_td_cubes_3138901_2.out,I_td,mismatch,0:5:37.89,1,15,,,,0.12,,,,20,70,51,0,6,61,0,15,151,51,,Taman_random,mismatch_z1_mcz15_I0p1-0p9_td20-70_Taman_random/mismatch_cubes,mismatch_cubes_z1_mcz15_I0p12_td20-70x51_omega0-6x61_theta0-15x151_gamma0-2pix51_Taman_random.h5,2026-05-02,ok,
compute_mismatch_I_td_cubes_3138901_3.out,I_td,mismatch,0:5:25.74,1,15,,,,0.13,,,,20,70,51,0,6,61,0,15,151,51,,Taman_random,mismatch_z1_mcz15_I0p1-0p9_td20-70_Taman_random/mismatch_cubes,mismatch_cubes_z1_mcz15_I0p13_td20-70x51_omega0-6x61_theta0-15x151_gamma0-2pix51_Taman_random.h5,2026-05-02,ok,
compute_mismatch_I_td_cubes_3138901_4.out,I_td,mismatch,0:5:25.29,1,15,,,,0.14,,,,20,70,51,0,6,61,0,15,151,51,,Taman_random,mismatch_z1_mcz15_I0p1-0p9_td20-70_Taman_random/mismatch_cubes,mismatch_cubes_z1_mcz15_I0p14_td20-70x51_omega0-6x61_theta0-15x151_gamma0-2pix51_Taman_random.h5,2026-05-02,ok,
compute_mismatch_I_td_cubes_3138901_5.out,I_td,mismatch,0:5:27.43,1,15,,,,0.15,,,,20,70,51,0,6,61,0,15,151,51,,Taman_random,mismatch_z1_mcz15_I0p1-0p9_td20-70_Taman_random/mismatch_cubes,mismatch_cubes_z1_mcz15_I0p15_td20-70x51_omega0-6x61_theta0-15x151_gamma0-2pix51_Taman_random.h5,2026-05-02,ok,
compute_mismatch_I_td_cubes_3138901_6.out,I_td,mismatch,0:5:26.37,1,15,,,,0.16,,,,20,70,51,0,6,61,0,15,151,51,,Taman_random,mismatch_z1_mcz15_I0p1-0p9_td20-70_Taman_random/mismatch_cubes,mismatch_cubes_z1_mcz15_I0p16_td20-70x51_omega0-6x61_theta0-15x151_gamma0-2pix51_Taman_random.h5,2026-05-02,ok,
compute_mismatch_I_td_cubes_3138901_7.out,I_td,mismatch,0:5:27.71,1,15,,,,0.17,,,,20,70,51,0,6,61,0,15,151,51,,Taman_random,mismatch_z1_mcz15_I0p1-0p9_td20-70_Taman_random/mismatch_cubes,mismatch_cubes_z1_mcz15_I0p17_td20-70x51_omega0-6x61_theta0-15x151_gamma0-2pix51_Taman_random.h5,2026-05-02,ok,
compute_mismatch_I_td_cubes_3138901_8.out,I_td,mismatch,0:5:27.77,1,15,,,,0.18,,,,20,70,51,0,6,61,0,15,151,51,,Taman_random,mismatch_z1_mcz15_I0p1-0p9_td20-70_Taman_random/mismatch_cubes,mismatch_cubes_z1_mcz15_I0p18_td20-70x51_omega0-6x61_theta0-15x151_gamma0-2pix51_Taman_random.h5,2026-05-02,ok,
compute_mismatch_I_td_cubes_3138901_9.out,I_td,mismatch,0:5:29.77,1,15,,,,0.19,,,,20,70,51,0,6,61,0,15,151,51,,Taman_random,mismatch_z1_mcz15_I0p1-0p9_td20-70_Taman_random/mismatch_cubes,mismatch_cubes_z1_mcz15_I0p19_td20-70x51_omega0-6x61_theta0-15x151_gamma0-2pix51_Taman_random.h5,2026-05-02,ok,
compute_mismatch_I_td_cubes_3138901_10.out,I_td,mismatch,0:5:23.04,1,15,,,,0.2,,,,20,70,51,0,6,61,0,15,151,51,,Taman_random,mismatch_z1_mcz15_I0p1-0p9_td20-70_Taman_random/mismatch_cubes,mismatch_cubes_z1_mcz15_I0p2_td20-70x51_omega0-6x61_theta0-15x151_gamma0-2pix51_Taman_random.h5,2026-05-02,ok,
compute_mismatch_I_td_cubes_3138901_11.out,I_td,mismatch,0:5:26.66,1,15,,,,0.21,,,,20,70,51,0,6,61,0,15,151,51,,Taman_random,mismatch_z1_mcz15_I0p1-0p9_td20-70_Taman_random/mismatch_cubes,mismatch_cubes_z1_mcz15_I0p21_td20-70x51_omega0-6x61_theta0-15x151_gamma0-2pix51_Taman_random.h5,2026-05-02,ok,
compute_mismatch_I_td_cubes_3138901_12.out,I_td,mismatch,0:5:25.35,1,15,,,,0.22,,,,20,70,51,0,6,61,0,15,151,51,,Taman_random,mismatch_z1_mcz15_I0p1-0p9_td20-70_Taman_random/mismatch_cubes,mismatch_cubes_z1_mcz15_I0p22_td20-70x51_omega0-6x61_theta0-15x151_gamma0-2pix51_Taman_random.h5,2026-05-02,ok,
compute_mismatch_I_td_cubes_3138901_13.out,I_td,mismatch,0:5:27.42,1,15,,,,0.23,,,,20,70,51,0,6,61,0,15,151,51,,Taman_random,mismatch_z1_mcz15_I0p1-0p9_td20-70_Taman_random/mismatch_cubes,mismatch_cubes_z1_mcz15_I0p23_td20-70x51_omega0-6x61_theta0-15x151_gamma0-2pix51_Taman_random.h5,2026-05-02,ok,
compute_mismatch_I_td_cubes_3138901_14.out,I_td,mismatch,0:5:29.16,1,15,,,,0.24,,,,20,70,51,0,6,61,0,15,151,51,,Taman_random,mismatch_z1_mcz15_I0p1-0p9_td20-70_Taman_random/mismatch_cubes,mismatch_cubes_z1_mcz15_I0p24_td20-70x51_omega0-6x61_theta0-15x151_gamma0-2pix51_Taman_random.h5,2026-05-02,ok,
compute_mismatch_I_td_cubes_3138901_15.out,I_td,mismatch,0:5:25.57,1,15,,,,0.25,,,,20,70,51,0,6,61,0,15,151,51,,Taman_random,mismatch_z1_mcz15_I0p1-0p9_td20-70_Taman_random/mismatch_cubes,mismatch_cubes_z1_mcz15_I0p25_td20-70x51_omega0-6x61_theta0-15x151_gamma0-2pix51_Taman_random.h5,2026-05-02,ok,
compute_mismatch_I_td_cubes_3138901_16.out,I_td,mismatch,0:5:27.08,1,15,,,,0.26,,,,20,70,51,0,6,61,0,15,151,51,,Taman_random,mismatch_z1_mcz15_I0p1-0p9_td20-70_Taman_random/mismatch_cubes,mismatch_cubes_z1_mcz15_I0p26_td20-70x51_omega0-6x61_theta0-15x151_gamma0-2pix51_Taman_random.h5,2026-05-02,ok,
compute_mismatch_I_td_cubes_3138901_17.out,I_td,mismatch,0:5:22.24,1,15,,,,0.27,,,,20,70,51,0,6,61,0,15,151,51,,Taman_random,mismatch_z1_mcz15_I0p1-0p9_td20-70_Taman_random/mismatch_cubes,mismatch_cubes_z1_mcz15_I0p27_td20-70x51_omega0-6x61_theta0-15x151_gamma0-2pix51_Taman_random.h5,2026-05-02,ok,
compute_mismatch_I_td_cubes_3138901_18.out,I_td,mismatch,0:5:22.55,1,15,,,,0.28,,,,20,70,51,0,6,61,0,15,151,51,,Taman_random,mismatch_z1_mcz15_I0p1-0p9_td20-70_Taman_random/mismatch_cubes,mismatch_cubes_z1_mcz15_I0p28_td20-70x51_omega0-6x61_theta0-15x151_gamma0-2pix51_Taman_random.h5,2026-05-02,ok,
compute_mismatch_I_td_cubes_3138901_19.out,I_td,mismatch,0:5:22.58,1,15,,,,0.29,,,,20,70,51,0,6,61,0,15,151,51,,Taman_random,mismatch_z1_mcz15_I0p1-0p9_td20-70_Taman_random/mismatch_cubes,mismatch_cubes_z1_mcz15_I0p29_td20-70x51_omega0-6x61_theta0-15x151_gamma0-2pix51_Taman_random.h5,2026-05-02,ok,
compute_mismatch_I_td_cubes_3138901_20.out,I_td,mismatch,0:5:38.78,1,15,,,,0.3,,,,20,70,51,0,6,61,0,15,151,51,,Taman_random,mismatch_z1_mcz15_I0p1-0p9_td20-70_Taman_random/mismatch_cubes,mismatch_cubes_z1_mcz15_I0p3_td20-70x51_omega0-6x61_theta0-15x151_gamma0-2pix51_Taman_random.h5,2026-05-02,ok,
compute_mismatch_I_td_cubes_3138901_21.out,I_td,mismatch,0:5:41.4,1,15,,,,0.31,,,,20,70,51,0,6,61,0,15,151,51,,Taman_random,mismatch_z1_mcz15_I0p1-0p9_td20-70_Taman_random/mismatch_cubes,mismatch_cubes_z1_mcz15_I0p31_td20-70x51_omega0-6x61_theta0-15x151_gamma0-2pix51_Taman_random.h5,2026-05-02,ok,
compute_mismatch_I_td_cubes_3138901_22.out,I_td,mismatch,0:5:41.09,1,15,,,,0.32,,,,20,70,51,0,6,61,0,15,151,51,,Taman_random,mismatch_z1_mcz15_I0p1-0p9_td20-70_Taman_random/mismatch_cubes,mismatch_cubes_z1_mcz15_I0p32_td20-70x51_omega0-6x61_theta0-15x151_gamma0-2pix51_Taman_random.h5,2026-05-02,ok,
compute_mismatch_I_td_cubes_3138901_23.out,I_td,mismatch,0:5:37.05,1,15,,,,0.33,,,,20,70,51,0,6,61,0,15,151,51,,Taman_random,mismatch_z1_mcz15_I0p1-0p9_td20-70_Taman_random/mismatch_cubes,mismatch_cubes_z1_mcz15_I0p33_td20-70x51_omega0-6x61_theta0-15x151_gamma0-2pix51_Taman_random.h5,2026-05-02,ok,
compute_mismatch_I_td_cubes_3138901_24.out,I_td,mismatch,0:5:36.05,1,15,,,,0.34,,,,20,70,51,0,6,61,0,15,151,51,,Taman_random,mismatch_z1_mcz15_I0p1-0p9_td20-70_Taman_random/mismatch_cubes,mismatch_cubes_z1_mcz15_I0p34_td20-70x51_omega0-6x61_theta0-15x151_gamma0-2pix51_Taman_random.h5,2026-05-02,ok,
compute_mismatch_I_td_cubes_3138901_25.out,I_td,mismatch,0:5:20.28,1,15,,,,0.35,,,,20,70,51,0,6,61,0,15,151,51,,Taman_random,mismatch_z1_mcz15_I0p1-0p9_td20-70_Taman_random/mismatch_cubes,mismatch_cubes_z1_mcz15_I0p35_td20-70x51_omega0-6x61_theta0-15x151_gamma0-2pix51_Taman_random.h5,2026-05-02,ok,
compute_mismatch_I_td_cubes_3138901_26.out,I_td,mismatch,0:5:23.43,1,15,,,,0.36,,,,20,70,51,0,6,61,0,15,151,51,,Taman_random,mismatch_z1_mcz15_I0p1-0p9_td20-70_Taman_random/mismatch_cubes,mismatch_cubes_z1_mcz15_I0p36_td20-70x51_omega0-6x61_theta0-15x151_gamma0-2pix51_Taman_random.h5,2026-05-02,ok,
compute_mismatch_I_td_cubes_3138901_27.out,I_td,mismatch,0:5:27.91,1,15,,,,0.37,,,,20,70,51,0,6,61,0,15,151,51,,Taman_random,mismatch_z1_mcz15_I0p1-0p9_td20-70_Taman_random/mismatch_cubes,mismatch_cubes_z1_mcz15_I0p37_td20-70x51_omega0-6x61_theta0-15x151_gamma0-2pix51_Taman_random.h5,2026-05-02,ok,
compute_mismatch_I_td_cubes_3138901_28.out,I_td,mismatch,0:5:25.95,1,15,,,,0.38,,,,20,70,51,0,6,61,0,15,151,51,,Taman_random,mismatch_z1_mcz15_I0p1-0p9_td20-70_Taman_random/mismatch_cubes,mismatch_cubes_z1_mcz15_I0p38_td20-70x51_omega0-6x61_theta0-15x151_gamma0-2pix51_Taman_random.h5,2026-05-02,ok,
compute_mismatch_I_td_cubes_3138901_29.out,I_td,mismatch,0:5:29.79,1,15,,,,0.39,,,,20,70,51,0,6,61,0,15,151,51,,Taman_random,mismatch_z1_mcz15_I0p1-0p9_td20-70_Taman_random/mismatch_cubes,mismatch_cubes_z1_mcz15_I0p39_td20-70x51_omega0-6x61_theta0-15x151_gamma0-2pix51_Taman_random.h5,2026-05-02,ok,
compute_mismatch_I_td_cubes_3138901_30.out,I_td,mismatch,0:5:25.37,1,15,,,,0.4,,,,20,70,51,0,6,61,0,15,151,51,,Taman_random,mismatch_z1_mcz15_I0p1-0p9_td20-70_Taman_random/mismatch_cubes,mismatch_cubes_z1_mcz15_I0p4_td20-70x51_omega0-6x61_theta0-15x151_gamma0-2pix51_Taman_random.h5,2026-05-02,ok,
compute_mismatch_I_td_cubes_3138901_31.out,I_td,mismatch,0:5:22.52,1,15,,,,0.41,,,,20,70,51,0,6,61,0,15,151,51,,Taman_random,mismatch_z1_mcz15_I0p1-0p9_td20-70_Taman_random/mismatch_cubes,mismatch_cubes_z1_mcz15_I0p41_td20-70x51_omega0-6x61_theta0-15x151_gamma0-2pix51_Taman_random.h5,2026-05-02,ok,
compute_mismatch_I_td_cubes_3138901_32.out,I_td,mismatch,0:5:27.72,1,15,,,,0.42,,,,20,70,51,0,6,61,0,15,151,51,,Taman_random,mismatch_z1_mcz15_I0p1-0p9_td20-70_Taman_random/mismatch_cubes,mismatch_cubes_z1_mcz15_I0p42_td20-70x51_omega0-6x61_theta0-15x151_gamma0-2pix51_Taman_random.h5,2026-05-02,ok,
compute_mismatch_I_td_cubes_3138901_33.out,I_td,mismatch,0:5:25.66,1,15,,,,0.43,,,,20,70,51,0,6,61,0,15,151,51,,Taman_random,mismatch_z1_mcz15_I0p1-0p9_td20-70_Taman_random/mismatch_cubes,mismatch_cubes_z1_mcz15_I0p43_td20-70x51_omega0-6x61_theta0-15x151_gamma0-2pix51_Taman_random.h5,2026-05-02,ok,
compute_mismatch_I_td_cubes_3138901_34.out,I_td,mismatch,0:5:25.05,1,15,,,,0.44,,,,20,70,51,0,6,61,0,15,151,51,,Taman_random,mismatch_z1_mcz15_I0p1-0p9_td20-70_Taman_random/mismatch_cubes,mismatch_cubes_z1_mcz15_I0p44_td20-70x51_omega0-6x61_theta0-15x151_gamma0-2pix51_Taman_random.h5,2026-05-02,ok,
compute_mismatch_I_td_cubes_3138901_35.out,I_td,mismatch,0:5:30.26,1,15,,,,0.45,,,,20,70,51,0,6,61,0,15,151,51,,Taman_random,mismatch_z1_mcz15_I0p1-0p9_td20-70_Taman_random/mismatch_cubes,mismatch_cubes_z1_mcz15_I0p45_td20-70x51_omega0-6x61_theta0-15x151_gamma0-2pix51_Taman_random.h5,2026-05-02,ok,
compute_mismatch_I_td_cubes_3138901_36.out,I_td,mismatch,0:5:25.63,1,15,,,,0.46,,,,20,70,51,0,6,61,0,15,151,51,,Taman_random,mismatch_z1_mcz15_I0p1-0p9_td20-70_Taman_random/mismatch_cubes,mismatch_cubes_z1_mcz15_I0p46_td20-70x51_omega0-6x61_theta0-15x151_gamma0-2pix51_Taman_random.h5,2026-05-02,ok,
compute_mismatch_I_td_cubes_3138901_37.out,I_td,mismatch,0:5:32.83,1,15,,,,0.47,,,,20,70,51,0,6,61,0,15,151,51,,Taman_random,mismatch_z1_mcz15_I0p1-0p9_td20-70_Taman_random/mismatch_cubes,mismatch_cubes_z1_mcz15_I0p47_td20-70x51_omega0-6x61_theta0-15x151_gamma0-2pix51_Taman_random.h5,2026-05-02,ok,
compute_mismatch_I_td_cubes_3138901_38.out,I_td,mismatch,0:5:24.47,1,15,,,,0.48,,,,20,70,51,0,6,61,0,15,151,51,,Taman_random,mismatch_z1_mcz15_I0p1-0p9_td20-70_Taman_random/mismatch_cubes,mismatch_cubes_z1_mcz15_I0p48_td20-70x51_omega0-6x61_theta0-15x151_gamma0-2pix51_Taman_random.h5,2026-05-02,ok,
compute_mismatch_I_td_cubes_3138901_39.out,I_td,mismatch,0:5:27.55,1,15,,,,0.49,,,,20,70,51,0,6,61,0,15,151,51,,Taman_random,mismatch_z1_mcz15_I0p1-0p9_td20-70_Taman_random/mismatch_cubes,mismatch_cubes_z1_mcz15_I0p49_td20-70x51_omega0-6x61_theta0-15x151_gamma0-2pix51_Taman_random.h5,2026-05-02,ok,
compute_mismatch_I_td_cubes_3138901_40.out,I_td,mismatch,0:5:43.16,1,15,,,,0.5,,,,20,70,51,0,6,61,0,15,151,51,,Taman_random,mismatch_I0p5_z1_mcz5-45_td20-70_Taman_random/mismatch_cubes,mismatch_cubes_z1_mcz15_I0p5_td20-70x51_omega0-6x61_theta0-15x151_gamma0-2pix51_Taman_random.h5,2026-05-02,ok,
compute_mismatch_I_td_cubes_3138901_41.out,I_td,mismatch,0:5:39.06,1,15,,,,0.51,,,,20,70,51,0,6,61,0,15,151,51,,Taman_random,mismatch_z1_mcz15_I0p1-0p9_td20-70_Taman_random/mismatch_cubes,mismatch_cubes_z1_mcz15_I0p51_td20-70x51_omega0-6x61_theta0-15x151_gamma0-2pix51_Taman_random.h5,2026-05-02,ok,
compute_mismatch_I_td_cubes_3138901_42.out,I_td,mismatch,0:5:36.55,1,15,,,,0.52,,,,20,70,51,0,6,61,0,15,151,51,,Taman_random,mismatch_z1_mcz15_I0p1-0p9_td20-70_Taman_random/mismatch_cubes,mismatch_cubes_z1_mcz15_I0p52_td20-70x51_omega0-6x61_theta0-15x151_gamma0-2pix51_Taman_random.h5,2026-05-02,ok,
compute_mismatch_I_td_cubes_3138901_43.out,I_td,mismatch,0:5:39.28,1,15,,,,0.53,,,,20,70,51,0,6,61,0,15,151,51,,Taman_random,mismatch_z1_mcz15_I0p1-0p9_td20-70_Taman_random/mismatch_cubes,mismatch_cubes_z1_mcz15_I0p53_td20-70x51_omega0-6x61_theta0-15x151_gamma0-2pix51_Taman_random.h5,2026-05-02,ok,
compute_mismatch_I_td_cubes_3138901_44.out,I_td,mismatch,0:5:38.3,1,15,,,,0.54,,,,20,70,51,0,6,61,0,15,151,51,,Taman_random,mismatch_z1_mcz15_I0p1-0p9_td20-70_Taman_random/mismatch_cubes,mismatch_cubes_z1_mcz15_I0p54_td20-70x51_omega0-6x61_theta0-15x151_gamma0-2pix51_Taman_random.h5,2026-05-02,ok,
compute_mismatch_I_td_cubes_3138901_45.out,I_td,mismatch,0:5:23.65,1,15,,,,0.55,,,,20,70,51,0,6,61,0,15,151,51,,Taman_random,mismatch_z1_mcz15_I0p1-0p9_td20-70_Taman_random/mismatch_cubes,mismatch_cubes_z1_mcz15_I0p55_td20-70x51_omega0-6x61_theta0-15x151_gamma0-2pix51_Taman_random.h5,2026-05-02,ok,
compute_mismatch_I_td_cubes_3138901_46.out,I_td,mismatch,0:5:25.42,1,15,,,,0.56,,,,20,70,51,0,6,61,0,15,151,51,,Taman_random,mismatch_z1_mcz15_I0p1-0p9_td20-70_Taman_random/mismatch_cubes,mismatch_cubes_z1_mcz15_I0p56_td20-70x51_omega0-6x61_theta0-15x151_gamma0-2pix51_Taman_random.h5,2026-05-02,ok,
compute_mismatch_I_td_cubes_3138901_47.out,I_td,mismatch,0:5:26.55,1,15,,,,0.57,,,,20,70,51,0,6,61,0,15,151,51,,Taman_random,mismatch_z1_mcz15_I0p1-0p9_td20-70_Taman_random/mismatch_cubes,mismatch_cubes_z1_mcz15_I0p57_td20-70x51_omega0-6x61_theta0-15x151_gamma0-2pix51_Taman_random.h5,2026-05-02,ok,
compute_mismatch_I_td_cubes_3138901_48.out,I_td,mismatch,0:5:29.56,1,15,,,,0.58,,,,20,70,51,0,6,61,0,15,151,51,,Taman_random,mismatch_z1_mcz15_I0p1-0p9_td20-70_Taman_random/mismatch_cubes,mismatch_cubes_z1_mcz15_I0p58_td20-70x51_omega0-6x61_theta0-15x151_gamma0-2pix51_Taman_random.h5,2026-05-02,ok,
compute_mismatch_I_td_cubes_3138901_49.out,I_td,mismatch,0:5:28.83,1,15,,,,0.59,,,,20,70,51,0,6,61,0,15,151,51,,Taman_random,mismatch_z1_mcz15_I0p1-0p9_td20-70_Taman_random/mismatch_cubes,mismatch_cubes_z1_mcz15_I0p59_td20-70x51_omega0-6x61_theta0-15x151_gamma0-2pix51_Taman_random.h5,2026-05-02,ok,
compute_mismatch_I_td_cubes_3138901_50.out,I_td,mismatch,0:5:26.44,1,15,,,,0.6,,,,20,70,51,0,6,61,0,15,151,51,,Taman_random,mismatch_z1_mcz15_I0p1-0p9_td20-70_Taman_random/mismatch_cubes,mismatch_cubes_z1_mcz15_I0p6_td20-70x51_omega0-6x61_theta0-15x151_gamma0-2pix51_Taman_random.h5,2026-05-02,ok,
compute_mismatch_I_td_cubes_3138901_51.out,I_td,mismatch,0:5:25.75,1,15,,,,0.61,,,,20,70,51,0,6,61,0,15,151,51,,Taman_random,mismatch_z1_mcz15_I0p1-0p9_td20-70_Taman_random/mismatch_cubes,mismatch_cubes_z1_mcz15_I0p61_td20-70x51_omega0-6x61_theta0-15x151_gamma0-2pix51_Taman_random.h5,2026-05-02,ok,
compute_mismatch_I_td_cubes_3138901_52.out,I_td,mismatch,0:5:30.29,1,15,,,,0.62,,,,20,70,51,0,6,61,0,15,151,51,,Taman_random,mismatch_z1_mcz15_I0p1-0p9_td20-70_Taman_random/mismatch_cubes,mismatch_cubes_z1_mcz15_I0p62_td20-70x51_omega0-6x61_theta0-15x151_gamma0-2pix51_Taman_random.h5,2026-05-02,ok,
compute_mismatch_I_td_cubes_3138901_53.out,I_td,mismatch,0:5:24.96,1,15,,,,0.63,,,,20,70,51,0,6,61,0,15,151,51,,Taman_random,mismatch_z1_mcz15_I0p1-0p9_td20-70_Taman_random/mismatch_cubes,mismatch_cubes_z1_mcz15_I0p63_td20-70x51_omega0-6x61_theta0-15x151_gamma0-2pix51_Taman_random.h5,2026-05-02,ok,
compute_mismatch_I_td_cubes_3138901_54.out,I_td,mismatch,0:5:24.87,1,15,,,,0.64,,,,20,70,51,0,6,61,0,15,151,51,,Taman_random,mismatch_z1_mcz15_I0p1-0p9_td20-70_Taman_random/mismatch_cubes,mismatch_cubes_z1_mcz15_I0p64_td20-70x51_omega0-6x61_theta0-15x151_gamma0-2pix51_Taman_random.h5,2026-05-02,ok,
compute_mismatch_I_td_cubes_3138901_55.out,I_td,mismatch,0:5:26.49,1,15,,,,0.65,,,,20,70,51,0,6,61,0,15,151,51,,Taman_random,mismatch_z1_mcz15_I0p1-0p9_td20-70_Taman_random/mismatch_cubes,mismatch_cubes_z1_mcz15_I0p65_td20-70x51_omega0-6x61_theta0-15x151_gamma0-2pix51_Taman_random.h5,2026-05-02,ok,
compute_mismatch_I_td_cubes_3138901_56.out,I_td,mismatch,0:5:26.47,1,15,,,,0.66,,,,20,70,51,0,6,61,0,15,151,51,,Taman_random,mismatch_z1_mcz15_I0p1-0p9_td20-70_Taman_random/mismatch_cubes,mismatch_cubes_z1_mcz15_I0p66_td20-70x51_omega0-6x61_theta0-15x151_gamma0-2pix51_Taman_random.h5,2026-05-02,ok,
compute_mismatch_I_td_cubes_3138901_57.out,I_td,mismatch,0:5:28.58,1,15,,,,0.67,,,,20,70,51,0,6,61,0,15,151,51,,Taman_random,mismatch_z1_mcz15_I0p1-0p9_td20-70_Taman_random/mismatch_cubes,mismatch_cubes_z1_mcz15_I0p67_td20-70x51_omega0-6x61_theta0-15x151_gamma0-2pix51_Taman_random.h5,2026-05-02,ok,
compute_mismatch_I_td_cubes_3138901_58.out,I_td,mismatch,0:5:25.89,1,15,,,,0.68,,,,20,70,51,0,6,61,0,15,151,51,,Taman_random,mismatch_z1_mcz15_I0p1-0p9_td20-70_Taman_random/mismatch_cubes,mismatch_cubes_z1_mcz15_I0p68_td20-70x51_omega0-6x61_theta0-15x151_gamma0-2pix51_Taman_random.h5,2026-05-02,ok,
compute_mismatch_I_td_cubes_3138901_59.out,I_td,mismatch,0:5:27.46,1,15,,,,0.69,,,,20,70,51,0,6,61,0,15,151,51,,Taman_random,mismatch_z1_mcz15_I0p1-0p9_td20-70_Taman_random/mismatch_cubes,mismatch_cubes_z1_mcz15_I0p69_td20-70x51_omega0-6x61_theta0-15x151_gamma0-2pix51_Taman_random.h5,2026-05-02,ok,
compute_mismatch_I_td_cubes_3138901_60.out,I_td,mismatch,0:5:41.44,1,15,,,,0.7,,,,20,70,51,0,6,61,0,15,151,51,,Taman_random,mismatch_z1_mcz15_I0p1-0p9_td20-70_Taman_random/mismatch_cubes,mismatch_cubes_z1_mcz15_I0p7_td20-70x51_omega0-6x61_theta0-15x151_gamma0-2pix51_Taman_random.h5,2026-05-02,ok,
compute_mismatch_I_td_cubes_3138901_61.out,I_td,mismatch,0:5:41.99,1,15,,,,0.71,,,,20,70,51,0,6,61,0,15,151,51,,Taman_random,mismatch_z1_mcz15_I0p1-0p9_td20-70_Taman_random/mismatch_cubes,mismatch_cubes_z1_mcz15_I0p71_td20-70x51_omega0-6x61_theta0-15x151_gamma0-2pix51_Taman_random.h5,2026-05-02,ok,
compute_mismatch_I_td_cubes_3138901_62.out,I_td,mismatch,0:5:44.02,1,15,,,,0.72,,,,20,70,51,0,6,61,0,15,151,51,,Taman_random,mismatch_z1_mcz15_I0p1-0p9_td20-70_Taman_random/mismatch_cubes,mismatch_cubes_z1_mcz15_I0p72_td20-70x51_omega0-6x61_theta0-15x151_gamma0-2pix51_Taman_random.h5,2026-05-02,ok,
compute_mismatch_I_td_cubes_3138901_63.out,I_td,mismatch,0:5:41.67,1,15,,,,0.73,,,,20,70,51,0,6,61,0,15,151,51,,Taman_random,mismatch_z1_mcz15_I0p1-0p9_td20-70_Taman_random/mismatch_cubes,mismatch_cubes_z1_mcz15_I0p73_td20-70x51_omega0-6x61_theta0-15x151_gamma0-2pix51_Taman_random.h5,2026-05-02,ok,
compute_mismatch_I_td_cubes_3138901_64.out,I_td,mismatch,0:5:40.38,1,15,,,,0.74,,,,20,70,51,0,6,61,0,15,151,51,,Taman_random,mismatch_z1_mcz15_I0p1-0p9_td20-70_Taman_random/mismatch_cubes,mismatch_cubes_z1_mcz15_I0p74_td20-70x51_omega0-6x61_theta0-15x151_gamma0-2pix51_Taman_random.h5,2026-05-02,ok,
compute_mismatch_I_td_cubes_3138901_65.out,I_td,mismatch,0:5:42.25,1,15,,,,0.75,,,,20,70,51,0,6,61,0,15,151,51,,Taman_random,mismatch_z1_mcz15_I0p1-0p9_td20-70_Taman_random/mismatch_cubes,mismatch_cubes_z1_mcz15_I0p75_td20-70x51_omega0-6x61_theta0-15x151_gamma0-2pix51_Taman_random.h5,2026-05-02,ok,
compute_mismatch_I_td_cubes_3138901_66.out,I_td,mismatch,0:5:25.3,1,15,,,,0.76,,,,20,70,51,0,6,61,0,15,151,51,,Taman_random,mismatch_z1_mcz15_I0p1-0p9_td20-70_Taman_random/mismatch_cubes,mismatch_cubes_z1_mcz15_I0p76_td20-70x51_omega0-6x61_theta0-15x151_gamma0-2pix51_Taman_random.h5,2026-05-02,ok,
compute_mismatch_I_td_cubes_3138901_67.out,I_td,mismatch,0:5:22.06,1,15,,,,0.77,,,,20,70,51,0,6,61,0,15,151,51,,Taman_random,mismatch_z1_mcz15_I0p1-0p9_td20-70_Taman_random/mismatch_cubes,mismatch_cubes_z1_mcz15_I0p77_td20-70x51_omega0-6x61_theta0-15x151_gamma0-2pix51_Taman_random.h5,2026-05-02,ok,
compute_mismatch_I_td_cubes_3138901_68.out,I_td,mismatch,0:5:29.44,1,15,,,,0.78,,,,20,70,51,0,6,61,0,15,151,51,,Taman_random,mismatch_z1_mcz15_I0p1-0p9_td20-70_Taman_random/mismatch_cubes,mismatch_cubes_z1_mcz15_I0p78_td20-70x51_omega0-6x61_theta0-15x151_gamma0-2pix51_Taman_random.h5,2026-05-02,ok,
compute_mismatch_I_td_cubes_3138901_69.out,I_td,mismatch,0:5:29.16,1,15,,,,0.79,,,,20,70,51,0,6,61,0,15,151,51,,Taman_random,mismatch_z1_mcz15_I0p1-0p9_td20-70_Taman_random/mismatch_cubes,mismatch_cubes_z1_mcz15_I0p79_td20-70x51_omega0-6x61_theta0-15x151_gamma0-2pix51_Taman_random.h5,2026-05-02,ok,
compute_mismatch_I_td_cubes_3138901_70.out,I_td,mismatch,0:5:28.59,1,15,,,,0.8,,,,20,70,51,0,6,61,0,15,151,51,,Taman_random,mismatch_z1_mcz15_I0p1-0p9_td20-70_Taman_random/mismatch_cubes,mismatch_cubes_z1_mcz15_I0p8_td20-70x51_omega0-6x61_theta0-15x151_gamma0-2pix51_Taman_random.h5,2026-05-02,ok,
compute_mismatch_I_td_cubes_3138901_71.out,I_td,mismatch,0:5:27.06,1,15,,,,0.81,,,,20,70,51,0,6,61,0,15,151,51,,Taman_random,mismatch_z1_mcz15_I0p1-0p9_td20-70_Taman_random/mismatch_cubes,mismatch_cubes_z1_mcz15_I0p81_td20-70x51_omega0-6x61_theta0-15x151_gamma0-2pix51_Taman_random.h5,2026-05-02,ok,
compute_mismatch_I_td_cubes_3138901_72.out,I_td,mismatch,0:5:23.98,1,15,,,,0.82,,,,20,70,51,0,6,61,0,15,151,51,,Taman_random,mismatch_z1_mcz15_I0p1-0p9_td20-70_Taman_random/mismatch_cubes,mismatch_cubes_z1_mcz15_I0p82_td20-70x51_omega0-6x61_theta0-15x151_gamma0-2pix51_Taman_random.h5,2026-05-02,ok,
compute_mismatch_I_td_cubes_3138901_73.out,I_td,mismatch,0:5:29.08,1,15,,,,0.83,,,,20,70,51,0,6,61,0,15,151,51,,Taman_random,mismatch_z1_mcz15_I0p1-0p9_td20-70_Taman_random/mismatch_cubes,mismatch_cubes_z1_mcz15_I0p83_td20-70x51_omega0-6x61_theta0-15x151_gamma0-2pix51_Taman_random.h5,2026-05-02,ok,
compute_mismatch_I_td_cubes_3138901_74.out,I_td,mismatch,0:5:27.44,1,15,,,,0.84,,,,20,70,51,0,6,61,0,15,151,51,,Taman_random,mismatch_z1_mcz15_I0p1-0p9_td20-70_Taman_random/mismatch_cubes,mismatch_cubes_z1_mcz15_I0p84_td20-70x51_omega0-6x61_theta0-15x151_gamma0-2pix51_Taman_random.h5,2026-05-02,ok,
compute_mismatch_I_td_cubes_3138901_75.out,I_td,mismatch,0:5:28.39,1,15,,,,0.85,,,,20,70,51,0,6,61,0,15,151,51,,Taman_random,mismatch_z1_mcz15_I0p1-0p9_td20-70_Taman_random/mismatch_cubes,mismatch_cubes_z1_mcz15_I0p85_td20-70x51_omega0-6x61_theta0-15x151_gamma0-2pix51_Taman_random.h5,2026-05-02,ok,
compute_mismatch_I_td_cubes_3138901_76.out,I_td,mismatch,0:5:27.47,1,15,,,,0.86,,,,20,70,51,0,6,61,0,15,151,51,,Taman_random,mismatch_z1_mcz15_I0p1-0p9_td20-70_Taman_random/mismatch_cubes,mismatch_cubes_z1_mcz15_I0p86_td20-70x51_omega0-6x61_theta0-15x151_gamma0-2pix51_Taman_random.h5,2026-05-02,ok,
compute_mismatch_I_td_cubes_3138901_77.out,I_td,mismatch,0:5:31.27,1,15,,,,0.87,,,,20,70,51,0,6,61,0,15,151,51,,Taman_random,mismatch_z1_mcz15_I0p1-0p9_td20-70_Taman_random/mismatch_cubes,mismatch_cubes_z1_mcz15_I0p87_td20-70x51_omega0-6x61_theta0-15x151_gamma0-2pix51_Taman_random.h5,2026-05-02,ok,
compute_mismatch_I_td_cubes_3138901_78.out,I_td,mismatch,0:5:32.15,1,15,,,,0.88,,,,20,70,51,0,6,61,0,15,151,51,,Taman_random,mismatch_z1_mcz15_I0p1-0p9_td20-70_Taman_random/mismatch_cubes,mismatch_cubes_z1_mcz15_I0p88_td20-70x51_omega0-6x61_theta0-15x151_gamma0-2pix51_Taman_random.h5,2026-05-02,ok,
compute_mismatch_I_td_cubes_3138901_79.out,I_td,mismatch,0:5:27.68,1,15,,,,0.89,,,,20,70,51,0,6,61,0,15,151,51,,Taman_random,mismatch_z1_mcz15_I0p1-0p9_td20-70_Taman_random/mismatch_cubes,mismatch_cubes_z1_mcz15_I0p89_td20-70x51_omega0-6x61_theta0-15x151_gamma0-2pix51_Taman_random.h5,2026-05-02,ok,
compute_mismatch_I_td_cubes_3138901_80.out,I_td,mismatch,0:5:43.57,1,15,,,,0.9,,,,20,70,51,0,6,61,0,15,151,51,,Taman_random,mismatch_z1_mcz15_I0p1-0p9_td20-70_Taman_random/mismatch_cubes,mismatch_cubes_z1_mcz15_I0p9_td20-70x51_omega0-6x61_theta0-15x151_gamma0-2pix51_Taman_random.h5,2026-05-02,ok,
compute_mismatch_I_td_cubes_3139394_0.out,I_td,mismatch,0:6:33.83,1,5,,,,0.1,,,,20,70,51,0,6,61,0,15,151,51,,Taman_random,mismatch_z1_mcz5_I0p1-0p9_td20-70_Taman_random/mismatch_cubes,mismatch_cubes_z1_mcz5_I0p1_td20-70x51_omega0-6x61_theta0-15x151_gamma0-2pix51_Taman_random.h5,2026-05-02,ok,
compute_mismatch_I_td_cubes_3139394_1.out,I_td,mismatch,0:6:33.49,1,5,,,,0.11,,,,20,70,51,0,6,61,0,15,151,51,,Taman_random,mismatch_z1_mcz5_I0p1-0p9_td20-70_Taman_random/mismatch_cubes,mismatch_cubes_z1_mcz5_I0p11_td20-70x51_omega0-6x61_theta0-15x151_gamma0-2pix51_Taman_random.h5,2026-05-02,ok,
compute_mismatch_I_td_cubes_3139394_2.out,I_td,mismatch,0:6:27.08,1,5,,,,0.12,,,,20,70,51,0,6,61,0,15,151,51,,Taman_random,mismatch_z1_mcz5_I0p1-0p9_td20-70_Taman_random/mismatch_cubes,mismatch_cubes_z1_mcz5_I0p12_td20-70x51_omega0-6x61_theta0-15x151_gamma0-2pix51_Taman_random.h5,2026-05-02,ok,
compute_mismatch_I_td_cubes_3139394_3.out,I_td,mismatch,0:6:30.81,1,5,,,,0.13,,,,20,70,51,0,6,61,0,15,151,51,,Taman_random,mismatch_z1_mcz5_I0p1-0p9_td20-70_Taman_random/mismatch_cubes,mismatch_cubes_z1_mcz5_I0p13_td20-70x51_omega0-6x61_theta0-15x151_gamma0-2pix51_Taman_random.h5,2026-05-02,ok,
compute_mismatch_I_td_cubes_3139394_4.out,I_td,mismatch,0:6:28.24,1,5,,,,0.14,,,,20,70,51,0,6,61,0,15,151,51,,Taman_random,mismatch_z1_mcz5_I0p1-0p9_td20-70_Taman_random/mismatch_cubes,mismatch_cubes_z1_mcz5_I0p14_td20-70x51_omega0-6x61_theta0-15x151_gamma0-2pix51_Taman_random.h5,2026-05-02,ok,
compute_mismatch_I_td_cubes_3139394_5.out,I_td,mismatch,0:6:33.02,1,5,,,,0.15,,,,20,70,51,0,6,61,0,15,151,51,,Taman_random,mismatch_z1_mcz5_I0p1-0p9_td20-70_Taman_random/mismatch_cubes,mismatch_cubes_z1_mcz5_I0p15_td20-70x51_omega0-6x61_theta0-15x151_gamma0-2pix51_Taman_random.h5,2026-05-02,ok,
compute_mismatch_I_td_cubes_3139394_6.out,I_td,mismatch,0:6:27.96,1,5,,,,0.16,,,,20,70,51,0,6,61,0,15,151,51,,Taman_random,mismatch_z1_mcz5_I0p1-0p9_td20-70_Taman_random/mismatch_cubes,mismatch_cubes_z1_mcz5_I0p16_td20-70x51_omega0-6x61_theta0-15x151_gamma0-2pix51_Taman_random.h5,2026-05-02,ok,
compute_mismatch_I_td_cubes_3139394_7.out,I_td,mismatch,0:6:28.09,1,5,,,,0.17,,,,20,70,51,0,6,61,0,15,151,51,,Taman_random,mismatch_z1_mcz5_I0p1-0p9_td20-70_Taman_random/mismatch_cubes,mismatch_cubes_z1_mcz5_I0p17_td20-70x51_omega0-6x61_theta0-15x151_gamma0-2pix51_Taman_random.h5,2026-05-02,ok,
compute_mismatch_I_td_cubes_3139394_8.out,I_td,mismatch,0:6:30.94,1,5,,,,0.18,,,,20,70,51,0,6,61,0,15,151,51,,Taman_random,mismatch_z1_mcz5_I0p1-0p9_td20-70_Taman_random/mismatch_cubes,mismatch_cubes_z1_mcz5_I0p18_td20-70x51_omega0-6x61_theta0-15x151_gamma0-2pix51_Taman_random.h5,2026-05-02,ok,
compute_mismatch_I_td_cubes_3139394_9.out,I_td,mismatch,0:6:31.19,1,5,,,,0.19,,,,20,70,51,0,6,61,0,15,151,51,,Taman_random,mismatch_z1_mcz5_I0p1-0p9_td20-70_Taman_random/mismatch_cubes,mismatch_cubes_z1_mcz5_I0p19_td20-70x51_omega0-6x61_theta0-15x151_gamma0-2pix51_Taman_random.h5,2026-05-02,ok,
compute_mismatch_I_td_cubes_3139394_10.out,I_td,mismatch,0:6:27.7,1,5,,,,0.2,,,,20,70,51,0,6,61,0,15,151,51,,Taman_random,mismatch_z1_mcz5_I0p1-0p9_td20-70_Taman_random/mismatch_cubes,mismatch_cubes_z1_mcz5_I0p2_td20-70x51_omega0-6x61_theta0-15x151_gamma0-2pix51_Taman_random.h5,2026-05-02,ok,
compute_mismatch_I_td_cubes_3139394_11.out,I_td,mismatch,0:6:25.08,1,5,,,,0.21,,,,20,70,51,0,6,61,0,15,151,51,,Taman_random,mismatch_z1_mcz5_I0p1-0p9_td20-70_Taman_random/mismatch_cubes,mismatch_cubes_z1_mcz5_I0p21_td20-70x51_omega0-6x61_theta0-15x151_gamma0-2pix51_Taman_random.h5,2026-05-02,ok,
compute_mismatch_I_td_cubes_3139394_12.out,I_td,mismatch,0:6:31.45,1,5,,,,0.22,,,,20,70,51,0,6,61,0,15,151,51,,Taman_random,mismatch_z1_mcz5_I0p1-0p9_td20-70_Taman_random/mismatch_cubes,mismatch_cubes_z1_mcz5_I0p22_td20-70x51_omega0-6x61_theta0-15x151_gamma0-2pix51_Taman_random.h5,2026-05-02,ok,
compute_mismatch_I_td_cubes_3139394_13.out,I_td,mismatch,0:6:30.83,1,5,,,,0.23,,,,20,70,51,0,6,61,0,15,151,51,,Taman_random,mismatch_z1_mcz5_I0p1-0p9_td20-70_Taman_random/mismatch_cubes,mismatch_cubes_z1_mcz5_I0p23_td20-70x51_omega0-6x61_theta0-15x151_gamma0-2pix51_Taman_random.h5,2026-05-02,ok,
compute_mismatch_I_td_cubes_3139394_14.out,I_td,mismatch,0:6:27.75,1,5,,,,0.24,,,,20,70,51,0,6,61,0,15,151,51,,Taman_random,mismatch_z1_mcz5_I0p1-0p9_td20-70_Taman_random/mismatch_cubes,mismatch_cubes_z1_mcz5_I0p24_td20-70x51_omega0-6x61_theta0-15x151_gamma0-2pix51_Taman_random.h5,2026-05-02,ok,
compute_mismatch_I_td_cubes_3139394_15.out,I_td,mismatch,0:6:29.81,1,5,,,,0.25,,,,20,70,51,0,6,61,0,15,151,51,,Taman_random,mismatch_z1_mcz5_I0p1-0p9_td20-70_Taman_random/mismatch_cubes,mismatch_cubes_z1_mcz5_I0p25_td20-70x51_omega0-6x61_theta0-15x151_gamma0-2pix51_Taman_random.h5,2026-05-02,ok,
compute_mismatch_I_td_cubes_3139394_16.out,I_td,mismatch,0:6:29.18,1,5,,,,0.26,,,,20,70,51,0,6,61,0,15,151,51,,Taman_random,mismatch_z1_mcz5_I0p1-0p9_td20-70_Taman_random/mismatch_cubes,mismatch_cubes_z1_mcz5_I0p26_td20-70x51_omega0-6x61_theta0-15x151_gamma0-2pix51_Taman_random.h5,2026-05-02,ok,
compute_mismatch_I_td_cubes_3139394_17.out,I_td,mismatch,0:6:35.47,1,5,,,,0.27,,,,20,70,51,0,6,61,0,15,151,51,,Taman_random,mismatch_z1_mcz5_I0p1-0p9_td20-70_Taman_random/mismatch_cubes,mismatch_cubes_z1_mcz5_I0p27_td20-70x51_omega0-6x61_theta0-15x151_gamma0-2pix51_Taman_random.h5,2026-05-02,ok,
compute_mismatch_I_td_cubes_3139394_18.out,I_td,mismatch,0:6:29.56,1,5,,,,0.28,,,,20,70,51,0,6,61,0,15,151,51,,Taman_random,mismatch_z1_mcz5_I0p1-0p9_td20-70_Taman_random/mismatch_cubes,mismatch_cubes_z1_mcz5_I0p28_td20-70x51_omega0-6x61_theta0-15x151_gamma0-2pix51_Taman_random.h5,2026-05-02,ok,
compute_mismatch_I_td_cubes_3139394_19.out,I_td,mismatch,0:6:47.02,1,5,,,,0.29,,,,20,70,51,0,6,61,0,15,151,51,,Taman_random,mismatch_z1_mcz5_I0p1-0p9_td20-70_Taman_random/mismatch_cubes,mismatch_cubes_z1_mcz5_I0p29_td20-70x51_omega0-6x61_theta0-15x151_gamma0-2pix51_Taman_random.h5,2026-05-02,ok,
compute_mismatch_I_td_cubes_3139394_20.out,I_td,mismatch,0:6:27.79,1,5,,,,0.3,,,,20,70,51,0,6,61,0,15,151,51,,Taman_random,mismatch_z1_mcz5_I0p1-0p9_td20-70_Taman_random/mismatch_cubes,mismatch_cubes_z1_mcz5_I0p3_td20-70x51_omega0-6x61_theta0-15x151_gamma0-2pix51_Taman_random.h5,2026-05-02,ok,
compute_mismatch_I_td_cubes_3139394_21.out,I_td,mismatch,0:6:30.51,1,5,,,,0.31,,,,20,70,51,0,6,61,0,15,151,51,,Taman_random,mismatch_z1_mcz5_I0p1-0p9_td20-70_Taman_random/mismatch_cubes,mismatch_cubes_z1_mcz5_I0p31_td20-70x51_omega0-6x61_theta0-15x151_gamma0-2pix51_Taman_random.h5,2026-05-02,ok,
compute_mismatch_I_td_cubes_3139394_22.out,I_td,mismatch,0:6:36.6,1,5,,,,0.32,,,,20,70,51,0,6,61,0,15,151,51,,Taman_random,mismatch_z1_mcz5_I0p1-0p9_td20-70_Taman_random/mismatch_cubes,mismatch_cubes_z1_mcz5_I0p32_td20-70x51_omega0-6x61_theta0-15x151_gamma0-2pix51_Taman_random.h5,2026-05-02,ok,
compute_mismatch_I_td_cubes_3139394_23.out,I_td,mismatch,0:6:31.34,1,5,,,,0.33,,,,20,70,51,0,6,61,0,15,151,51,,Taman_random,mismatch_z1_mcz5_I0p1-0p9_td20-70_Taman_random/mismatch_cubes,mismatch_cubes_z1_mcz5_I0p33_td20-70x51_omega0-6x61_theta0-15x151_gamma0-2pix51_Taman_random.h5,2026-05-02,ok,
compute_mismatch_I_td_cubes_3139394_24.out,I_td,mismatch,0:6:30.81,1,5,,,,0.34,,,,20,70,51,0,6,61,0,15,151,51,,Taman_random,mismatch_z1_mcz5_I0p1-0p9_td20-70_Taman_random/mismatch_cubes,mismatch_cubes_z1_mcz5_I0p34_td20-70x51_omega0-6x61_theta0-15x151_gamma0-2pix51_Taman_random.h5,2026-05-02,ok,
compute_mismatch_I_td_cubes_3139394_25.out,I_td,mismatch,0:6:34.61,1,5,,,,0.35,,,,20,70,51,0,6,61,0,15,151,51,,Taman_random,mismatch_z1_mcz5_I0p1-0p9_td20-70_Taman_random/mismatch_cubes,mismatch_cubes_z1_mcz5_I0p35_td20-70x51_omega0-6x61_theta0-15x151_gamma0-2pix51_Taman_random.h5,2026-05-02,ok,
compute_mismatch_I_td_cubes_3139394_26.out,I_td,mismatch,0:6:31.77,1,5,,,,0.36,,,,20,70,51,0,6,61,0,15,151,51,,Taman_random,mismatch_z1_mcz5_I0p1-0p9_td20-70_Taman_random/mismatch_cubes,mismatch_cubes_z1_mcz5_I0p36_td20-70x51_omega0-6x61_theta0-15x151_gamma0-2pix51_Taman_random.h5,2026-05-02,ok,
compute_mismatch_I_td_cubes_3139394_27.out,I_td,mismatch,0:6:35.24,1,5,,,,0.37,,,,20,70,51,0,6,61,0,15,151,51,,Taman_random,mismatch_z1_mcz5_I0p1-0p9_td20-70_Taman_random/mismatch_cubes,mismatch_cubes_z1_mcz5_I0p37_td20-70x51_omega0-6x61_theta0-15x151_gamma0-2pix51_Taman_random.h5,2026-05-02,ok,
compute_mismatch_I_td_cubes_3139394_28.out,I_td,mismatch,0:6:39.55,1,5,,,,0.38,,,,20,70,51,0,6,61,0,15,151,51,,Taman_random,mismatch_z1_mcz5_I0p1-0p9_td20-70_Taman_random/mismatch_cubes,mismatch_cubes_z1_mcz5_I0p38_td20-70x51_omega0-6x61_theta0-15x151_gamma0-2pix51_Taman_random.h5,2026-05-02,ok,
compute_mismatch_I_td_cubes_3139394_29.out,I_td,mismatch,0:6:36.13,1,5,,,,0.39,,,,20,70,51,0,6,61,0,15,151,51,,Taman_random,mismatch_z1_mcz5_I0p1-0p9_td20-70_Taman_random/mismatch_cubes,mismatch_cubes_z1_mcz5_I0p39_td20-70x51_omega0-6x61_theta0-15x151_gamma0-2pix51_Taman_random.h5,2026-05-02,ok,
compute_mismatch_I_td_cubes_3139394_30.out,I_td,mismatch,0:6:45.46,1,5,,,,0.4,,,,20,70,51,0,6,61,0,15,151,51,,Taman_random,mismatch_z1_mcz5_I0p1-0p9_td20-70_Taman_random/mismatch_cubes,mismatch_cubes_z1_mcz5_I0p4_td20-70x51_omega0-6x61_theta0-15x151_gamma0-2pix51_Taman_random.h5,2026-05-02,ok,
compute_mismatch_I_td_cubes_3139394_31.out,I_td,mismatch,0:6:28.33,1,5,,,,0.41,,,,20,70,51,0,6,61,0,15,151,51,,Taman_random,mismatch_z1_mcz5_I0p1-0p9_td20-70_Taman_random/mismatch_cubes,mismatch_cubes_z1_mcz5_I0p41_td20-70x51_omega0-6x61_theta0-15x151_gamma0-2pix51_Taman_random.h5,2026-05-02,ok,
compute_mismatch_I_td_cubes_3139394_32.out,I_td,mismatch,0:6:36.39,1,5,,,,0.42,,,,20,70,51,0,6,61,0,15,151,51,,Taman_random,mismatch_z1_mcz5_I0p1-0p9_td20-70_Taman_random/mismatch_cubes,mismatch_cubes_z1_mcz5_I0p42_td20-70x51_omega0-6x61_theta0-15x151_gamma0-2pix51_Taman_random.h5,2026-05-02,ok,
compute_mismatch_I_td_cubes_3139394_33.out,I_td,mismatch,0:6:32.02,1,5,,,,0.43,,,,20,70,51,0,6,61,0,15,151,51,,Taman_random,mismatch_z1_mcz5_I0p1-0p9_td20-70_Taman_random/mismatch_cubes,mismatch_cubes_z1_mcz5_I0p43_td20-70x51_omega0-6x61_theta0-15x151_gamma0-2pix51_Taman_random.h5,2026-05-02,ok,
compute_mismatch_I_td_cubes_3139394_34.out,I_td,mismatch,0:6:34.44,1,5,,,,0.44,,,,20,70,51,0,6,61,0,15,151,51,,Taman_random,mismatch_z1_mcz5_I0p1-0p9_td20-70_Taman_random/mismatch_cubes,mismatch_cubes_z1_mcz5_I0p44_td20-70x51_omega0-6x61_theta0-15x151_gamma0-2pix51_Taman_random.h5,2026-05-02,ok,
compute_mismatch_I_td_cubes_3139394_35.out,I_td,mismatch,0:6:33.47,1,5,,,,0.45,,,,20,70,51,0,6,61,0,15,151,51,,Taman_random,mismatch_z1_mcz5_I0p1-0p9_td20-70_Taman_random/mismatch_cubes,mismatch_cubes_z1_mcz5_I0p45_td20-70x51_omega0-6x61_theta0-15x151_gamma0-2pix51_Taman_random.h5,2026-05-02,ok,
compute_mismatch_I_td_cubes_3139394_36.out,I_td,mismatch,0:6:30.12,1,5,,,,0.46,,,,20,70,51,0,6,61,0,15,151,51,,Taman_random,mismatch_z1_mcz5_I0p1-0p9_td20-70_Taman_random/mismatch_cubes,mismatch_cubes_z1_mcz5_I0p46_td20-70x51_omega0-6x61_theta0-15x151_gamma0-2pix51_Taman_random.h5,2026-05-02,ok,
compute_mismatch_I_td_cubes_3139394_37.out,I_td,mismatch,0:6:36.27,1,5,,,,0.47,,,,20,70,51,0,6,61,0,15,151,51,,Taman_random,mismatch_z1_mcz5_I0p1-0p9_td20-70_Taman_random/mismatch_cubes,mismatch_cubes_z1_mcz5_I0p47_td20-70x51_omega0-6x61_theta0-15x151_gamma0-2pix51_Taman_random.h5,2026-05-02,ok,
compute_mismatch_I_td_cubes_3139394_38.out,I_td,mismatch,0:6:35.1,1,5,,,,0.48,,,,20,70,51,0,6,61,0,15,151,51,,Taman_random,mismatch_z1_mcz5_I0p1-0p9_td20-70_Taman_random/mismatch_cubes,mismatch_cubes_z1_mcz5_I0p48_td20-70x51_omega0-6x61_theta0-15x151_gamma0-2pix51_Taman_random.h5,2026-05-02,ok,
compute_mismatch_I_td_cubes_3139394_39.out,I_td,mismatch,0:6:34.81,1,5,,,,0.49,,,,20,70,51,0,6,61,0,15,151,51,,Taman_random,mismatch_z1_mcz5_I0p1-0p9_td20-70_Taman_random/mismatch_cubes,mismatch_cubes_z1_mcz5_I0p49_td20-70x51_omega0-6x61_theta0-15x151_gamma0-2pix51_Taman_random.h5,2026-05-02,ok,
compute_mismatch_I_td_cubes_3139394_40.out,I_td,mismatch,0:6:33.08,1,5,,,,0.5,,,,20,70,51,0,6,61,0,15,151,51,,Taman_random,mismatch_z1_mcz5_I0p1-0p9_td20-70_Taman_random/mismatch_cubes,mismatch_cubes_z1_mcz5_I0p5_td20-70x51_omega0-6x61_theta0-15x151_gamma0-2pix51_Taman_random.h5,2026-05-02,ok,
compute_mismatch_I_td_cubes_3139394_41.out,I_td,mismatch,0:6:28.11,1,5,,,,0.51,,,,20,70,51,0,6,61,0,15,151,51,,Taman_random,mismatch_z1_mcz5_I0p1-0p9_td20-70_Taman_random/mismatch_cubes,mismatch_cubes_z1_mcz5_I0p51_td20-70x51_omega0-6x61_theta0-15x151_gamma0-2pix51_Taman_random.h5,2026-05-02,ok,
compute_mismatch_I_td_cubes_3139394_42.out,I_td,mismatch,0:6:28.67,1,5,,,,0.52,,,,20,70,51,0,6,61,0,15,151,51,,Taman_random,mismatch_z1_mcz5_I0p1-0p9_td20-70_Taman_random/mismatch_cubes,mismatch_cubes_z1_mcz5_I0p52_td20-70x51_omega0-6x61_theta0-15x151_gamma0-2pix51_Taman_random.h5,2026-05-02,ok,
compute_mismatch_I_td_cubes_3139394_43.out,I_td,mismatch,0:6:31.61,1,5,,,,0.53,,,,20,70,51,0,6,61,0,15,151,51,,Taman_random,mismatch_z1_mcz5_I0p1-0p9_td20-70_Taman_random/mismatch_cubes,mismatch_cubes_z1_mcz5_I0p53_td20-70x51_omega0-6x61_theta0-15x151_gamma0-2pix51_Taman_random.h5,2026-05-02,ok,
compute_mismatch_I_td_cubes_3139394_44.out,I_td,mismatch,0:6:28.32,1,5,,,,0.54,,,,20,70,51,0,6,61,0,15,151,51,,Taman_random,mismatch_z1_mcz5_I0p1-0p9_td20-70_Taman_random/mismatch_cubes,mismatch_cubes_z1_mcz5_I0p54_td20-70x51_omega0-6x61_theta0-15x151_gamma0-2pix51_Taman_random.h5,2026-05-02,ok,
compute_mismatch_I_td_cubes_3139394_45.out,I_td,mismatch,0:6:45.45,1,5,,,,0.55,,,,20,70,51,0,6,61,0,15,151,51,,Taman_random,mismatch_z1_mcz5_I0p1-0p9_td20-70_Taman_random/mismatch_cubes,mismatch_cubes_z1_mcz5_I0p55_td20-70x51_omega0-6x61_theta0-15x151_gamma0-2pix51_Taman_random.h5,2026-05-02,ok,
compute_mismatch_I_td_cubes_3139394_46.out,I_td,mismatch,0:6:33.77,1,5,,,,0.56,,,,20,70,51,0,6,61,0,15,151,51,,Taman_random,mismatch_z1_mcz5_I0p1-0p9_td20-70_Taman_random/mismatch_cubes,mismatch_cubes_z1_mcz5_I0p56_td20-70x51_omega0-6x61_theta0-15x151_gamma0-2pix51_Taman_random.h5,2026-05-02,ok,
compute_mismatch_I_td_cubes_3139394_47.out,I_td,mismatch,0:6:31.61,1,5,,,,0.57,,,,20,70,51,0,6,61,0,15,151,51,,Taman_random,mismatch_z1_mcz5_I0p1-0p9_td20-70_Taman_random/mismatch_cubes,mismatch_cubes_z1_mcz5_I0p57_td20-70x51_omega0-6x61_theta0-15x151_gamma0-2pix51_Taman_random.h5,2026-05-02,ok,
compute_mismatch_I_td_cubes_3139394_48.out,I_td,mismatch,0:6:30.51,1,5,,,,0.58,,,,20,70,51,0,6,61,0,15,151,51,,Taman_random,mismatch_z1_mcz5_I0p1-0p9_td20-70_Taman_random/mismatch_cubes,mismatch_cubes_z1_mcz5_I0p58_td20-70x51_omega0-6x61_theta0-15x151_gamma0-2pix51_Taman_random.h5,2026-05-02,ok,
compute_mismatch_I_td_cubes_3139394_49.out,I_td,mismatch,0:6:59.59,1,5,,,,0.59,,,,20,70,51,0,6,61,0,15,151,51,,Taman_random,mismatch_z1_mcz5_I0p1-0p9_td20-70_Taman_random/mismatch_cubes,mismatch_cubes_z1_mcz5_I0p59_td20-70x51_omega0-6x61_theta0-15x151_gamma0-2pix51_Taman_random.h5,2026-05-02,ok,
compute_mismatch_I_td_cubes_3139394_50.out,I_td,mismatch,0:6:28.81,1,5,,,,0.6,,,,20,70,51,0,6,61,0,15,151,51,,Taman_random,mismatch_z1_mcz5_I0p1-0p9_td20-70_Taman_random/mismatch_cubes,mismatch_cubes_z1_mcz5_I0p6_td20-70x51_omega0-6x61_theta0-15x151_gamma0-2pix51_Taman_random.h5,2026-05-02,ok,
compute_mismatch_I_td_cubes_3139394_51.out,I_td,mismatch,0:6:31.55,1,5,,,,0.61,,,,20,70,51,0,6,61,0,15,151,51,,Taman_random,mismatch_z1_mcz5_I0p1-0p9_td20-70_Taman_random/mismatch_cubes,mismatch_cubes_z1_mcz5_I0p61_td20-70x51_omega0-6x61_theta0-15x151_gamma0-2pix51_Taman_random.h5,2026-05-02,ok,
compute_mismatch_I_td_cubes_3139394_52.out,I_td,mismatch,0:6:34.85,1,5,,,,0.62,,,,20,70,51,0,6,61,0,15,151,51,,Taman_random,mismatch_z1_mcz5_I0p1-0p9_td20-70_Taman_random/mismatch_cubes,mismatch_cubes_z1_mcz5_I0p62_td20-70x51_omega0-6x61_theta0-15x151_gamma0-2pix51_Taman_random.h5,2026-05-02,ok,
compute_mismatch_I_td_cubes_3139394_53.out,I_td,mismatch,0:6:30.0,1,5,,,,0.63,,,,20,70,51,0,6,61,0,15,151,51,,Taman_random,mismatch_z1_mcz5_I0p1-0p9_td20-70_Taman_random/mismatch_cubes,mismatch_cubes_z1_mcz5_I0p63_td20-70x51_omega0-6x61_theta0-15x151_gamma0-2pix51_Taman_random.h5,2026-05-02,ok,
compute_mismatch_I_td_cubes_3139394_54.out,I_td,mismatch,0:6:31.33,1,5,,,,0.64,,,,20,70,51,0,6,61,0,15,151,51,,Taman_random,mismatch_z1_mcz5_I0p1-0p9_td20-70_Taman_random/mismatch_cubes,mismatch_cubes_z1_mcz5_I0p64_td20-70x51_omega0-6x61_theta0-15x151_gamma0-2pix51_Taman_random.h5,2026-05-02,ok,
compute_mismatch_I_td_cubes_3139394_55.out,I_td,mismatch,0:6:34.6,1,5,,,,0.65,,,,20,70,51,0,6,61,0,15,151,51,,Taman_random,mismatch_z1_mcz5_I0p1-0p9_td20-70_Taman_random/mismatch_cubes,mismatch_cubes_z1_mcz5_I0p65_td20-70x51_omega0-6x61_theta0-15x151_gamma0-2pix51_Taman_random.h5,2026-05-02,ok,
compute_mismatch_I_td_cubes_3139394_56.out,I_td,mismatch,0:6:33.44,1,5,,,,0.66,,,,20,70,51,0,6,61,0,15,151,51,,Taman_random,mismatch_z1_mcz5_I0p1-0p9_td20-70_Taman_random/mismatch_cubes,mismatch_cubes_z1_mcz5_I0p66_td20-70x51_omega0-6x61_theta0-15x151_gamma0-2pix51_Taman_random.h5,2026-05-02,ok,
compute_mismatch_I_td_cubes_3139394_57.out,I_td,mismatch,0:6:48.32,1,5,,,,0.67,,,,20,70,51,0,6,61,0,15,151,51,,Taman_random,mismatch_z1_mcz5_I0p1-0p9_td20-70_Taman_random/mismatch_cubes,mismatch_cubes_z1_mcz5_I0p67_td20-70x51_omega0-6x61_theta0-15x151_gamma0-2pix51_Taman_random.h5,2026-05-02,ok,
compute_mismatch_I_td_cubes_3139394_58.out,I_td,mismatch,0:6:45.4,1,5,,,,0.68,,,,20,70,51,0,6,61,0,15,151,51,,Taman_random,mismatch_z1_mcz5_I0p1-0p9_td20-70_Taman_random/mismatch_cubes,mismatch_cubes_z1_mcz5_I0p68_td20-70x51_omega0-6x61_theta0-15x151_gamma0-2pix51_Taman_random.h5,2026-05-02,ok,
compute_mismatch_I_td_cubes_3139394_59.out,I_td,mismatch,0:6:47.37,1,5,,,,0.69,,,,20,70,51,0,6,61,0,15,151,51,,Taman_random,mismatch_z1_mcz5_I0p1-0p9_td20-70_Taman_random/mismatch_cubes,mismatch_cubes_z1_mcz5_I0p69_td20-70x51_omega0-6x61_theta0-15x151_gamma0-2pix51_Taman_random.h5,2026-05-02,ok,
compute_mismatch_I_td_cubes_3139394_60.out,I_td,mismatch,0:6:43.3,1,5,,,,0.7,,,,20,70,51,0,6,61,0,15,151,51,,Taman_random,mismatch_z1_mcz5_I0p1-0p9_td20-70_Taman_random/mismatch_cubes,mismatch_cubes_z1_mcz5_I0p7_td20-70x51_omega0-6x61_theta0-15x151_gamma0-2pix51_Taman_random.h5,2026-05-02,ok,
compute_mismatch_I_td_cubes_3139394_61.out,I_td,mismatch,0:6:32.42,1,5,,,,0.71,,,,20,70,51,0,6,61,0,15,151,51,,Taman_random,mismatch_z1_mcz5_I0p1-0p9_td20-70_Taman_random/mismatch_cubes,mismatch_cubes_z1_mcz5_I0p71_td20-70x51_omega0-6x61_theta0-15x151_gamma0-2pix51_Taman_random.h5,2026-05-02,ok,
compute_mismatch_I_td_cubes_3139394_62.out,I_td,mismatch,0:6:29.98,1,5,,,,0.72,,,,20,70,51,0,6,61,0,15,151,51,,Taman_random,mismatch_z1_mcz5_I0p1-0p9_td20-70_Taman_random/mismatch_cubes,mismatch_cubes_z1_mcz5_I0p72_td20-70x51_omega0-6x61_theta0-15x151_gamma0-2pix51_Taman_random.h5,2026-05-02,ok,
compute_mismatch_I_td_cubes_3139394_63.out,I_td,mismatch,0:6:29.38,1,5,,,,0.73,,,,20,70,51,0,6,61,0,15,151,51,,Taman_random,mismatch_z1_mcz5_I0p1-0p9_td20-70_Taman_random/mismatch_cubes,mismatch_cubes_z1_mcz5_I0p73_td20-70x51_omega0-6x61_theta0-15x151_gamma0-2pix51_Taman_random.h5,2026-05-02,ok,
compute_mismatch_I_td_cubes_3139394_64.out,I_td,mismatch,0:6:34.05,1,5,,,,0.74,,,,20,70,51,0,6,61,0,15,151,51,,Taman_random,mismatch_z1_mcz5_I0p1-0p9_td20-70_Taman_random/mismatch_cubes,mismatch_cubes_z1_mcz5_I0p74_td20-70x51_omega0-6x61_theta0-15x151_gamma0-2pix51_Taman_random.h5,2026-05-02,ok,
compute_mismatch_I_td_cubes_3139394_65.out,I_td,mismatch,0:6:33.95,1,5,,,,0.75,,,,20,70,51,0,6,61,0,15,151,51,,Taman_random,mismatch_z1_mcz5_I0p1-0p9_td20-70_Taman_random/mismatch_cubes,mismatch_cubes_z1_mcz5_I0p75_td20-70x51_omega0-6x61_theta0-15x151_gamma0-2pix51_Taman_random.h5,2026-05-02,ok,
compute_mismatch_I_td_cubes_3139394_66.out,I_td,mismatch,0:6:27.26,1,5,,,,0.76,,,,20,70,51,0,6,61,0,15,151,51,,Taman_random,mismatch_z1_mcz5_I0p1-0p9_td20-70_Taman_random/mismatch_cubes,mismatch_cubes_z1_mcz5_I0p76_td20-70x51_omega0-6x61_theta0-15x151_gamma0-2pix51_Taman_random.h5,2026-05-02,ok,
compute_mismatch_I_td_cubes_3139394_67.out,I_td,mismatch,0:6:34.9,1,5,,,,0.77,,,,20,70,51,0,6,61,0,15,151,51,,Taman_random,mismatch_z1_mcz5_I0p1-0p9_td20-70_Taman_random/mismatch_cubes,mismatch_cubes_z1_mcz5_I0p77_td20-70x51_omega0-6x61_theta0-15x151_gamma0-2pix51_Taman_random.h5,2026-05-02,ok,
compute_mismatch_I_td_cubes_3139394_68.out,I_td,mismatch,0:6:32.74,1,5,,,,0.78,,,,20,70,51,0,6,61,0,15,151,51,,Taman_random,mismatch_z1_mcz5_I0p1-0p9_td20-70_Taman_random/mismatch_cubes,mismatch_cubes_z1_mcz5_I0p78_td20-70x51_omega0-6x61_theta0-15x151_gamma0-2pix51_Taman_random.h5,2026-05-02,ok,
compute_mismatch_I_td_cubes_3139394_69.out,I_td,mismatch,0:6:34.86,1,5,,,,0.79,,,,20,70,51,0,6,61,0,15,151,51,,Taman_random,mismatch_z1_mcz5_I0p1-0p9_td20-70_Taman_random/mismatch_cubes,mismatch_cubes_z1_mcz5_I0p79_td20-70x51_omega0-6x61_theta0-15x151_gamma0-2pix51_Taman_random.h5,2026-05-02,ok,
compute_mismatch_I_td_cubes_3139394_70.out,I_td,mismatch,0:6:30.51,1,5,,,,0.8,,,,20,70,51,0,6,61,0,15,151,51,,Taman_random,mismatch_z1_mcz5_I0p1-0p9_td20-70_Taman_random/mismatch_cubes,mismatch_cubes_z1_mcz5_I0p8_td20-70x51_omega0-6x61_theta0-15x151_gamma0-2pix51_Taman_random.h5,2026-05-02,ok,
compute_mismatch_I_td_cubes_3139394_71.out,I_td,mismatch,0:6:31.36,1,5,,,,0.81,,,,20,70,51,0,6,61,0,15,151,51,,Taman_random,mismatch_z1_mcz5_I0p1-0p9_td20-70_Taman_random/mismatch_cubes,mismatch_cubes_z1_mcz5_I0p81_td20-70x51_omega0-6x61_theta0-15x151_gamma0-2pix51_Taman_random.h5,2026-05-02,ok,
compute_mismatch_I_td_cubes_3139394_72.out,I_td,mismatch,0:6:47.87,1,5,,,,0.82,,,,20,70,51,0,6,61,0,15,151,51,,Taman_random,mismatch_z1_mcz5_I0p1-0p9_td20-70_Taman_random/mismatch_cubes,mismatch_cubes_z1_mcz5_I0p82_td20-70x51_omega0-6x61_theta0-15x151_gamma0-2pix51_Taman_random.h5,2026-05-02,ok,
compute_mismatch_I_td_cubes_3139394_73.out,I_td,mismatch,0:6:33.8,1,5,,,,0.83,,,,20,70,51,0,6,61,0,15,151,51,,Taman_random,mismatch_z1_mcz5_I0p1-0p9_td20-70_Taman_random/mismatch_cubes,mismatch_cubes_z1_mcz5_I0p83_td20-70x51_omega0-6x61_theta0-15x151_gamma0-2pix51_Taman_random.h5,2026-05-02,ok,
compute_mismatch_I_td_cubes_3139394_74.out,I_td,mismatch,0:6:31.95,1,5,,,,0.84,,,,20,70,51,0,6,61,0,15,151,51,,Taman_random,mismatch_z1_mcz5_I0p1-0p9_td20-70_Taman_random/mismatch_cubes,mismatch_cubes_z1_mcz5_I0p84_td20-70x51_omega0-6x61_theta0-15x151_gamma0-2pix51_Taman_random.h5,2026-05-02,ok,
compute_mismatch_I_td_cubes_3139394_75.out,I_td,mismatch,0:6:31.12,1,5,,,,0.85,,,,20,70,51,0,6,61,0,15,151,51,,Taman_random,mismatch_z1_mcz5_I0p1-0p9_td20-70_Taman_random/mismatch_cubes,mismatch_cubes_z1_mcz5_I0p85_td20-70x51_omega0-6x61_theta0-15x151_gamma0-2pix51_Taman_random.h5,2026-05-02,ok,
compute_mismatch_I_td_cubes_3139394_76.out,I_td,mismatch,0:6:30.2,1,5,,,,0.86,,,,20,70,51,0,6,61,0,15,151,51,,Taman_random,mismatch_z1_mcz5_I0p1-0p9_td20-70_Taman_random/mismatch_cubes,mismatch_cubes_z1_mcz5_I0p86_td20-70x51_omega0-6x61_theta0-15x151_gamma0-2pix51_Taman_random.h5,2026-05-02,ok,
compute_mismatch_I_td_cubes_3139394_77.out,I_td,mismatch,0:6:29.65,1,5,,,,0.87,,,,20,70,51,0,6,61,0,15,151,51,,Taman_random,mismatch_z1_mcz5_I0p1-0p9_td20-70_Taman_random/mismatch_cubes,mismatch_cubes_z1_mcz5_I0p87_td20-70x51_omega0-6x61_theta0-15x151_gamma0-2pix51_Taman_random.h5,2026-05-02,ok,
compute_mismatch_I_td_cubes_3139394_78.out,I_td,mismatch,0:6:36.94,1,5,,,,0.88,,,,20,70,51,0,6,61,0,15,151,51,,Taman_random,mismatch_z1_mcz5_I0p1-0p9_td20-70_Taman_random/mismatch_cubes,mismatch_cubes_z1_mcz5_I0p88_td20-70x51_omega0-6x61_theta0-15x151_gamma0-2pix51_Taman_random.h5,2026-05-02,ok,
compute_mismatch_I_td_cubes_3139394_79.out,I_td,mismatch,0:6:30.35,1,5,,,,0.89,,,,20,70,51,0,6,61,0,15,151,51,,Taman_random,mismatch_z1_mcz5_I0p1-0p9_td20-70_Taman_random/mismatch_cubes,mismatch_cubes_z1_mcz5_I0p89_td20-70x51_omega0-6x61_theta0-15x151_gamma0-2pix51_Taman_random.h5,2026-05-02,ok,
compute_mismatch_I_td_cubes_3139394_80.out,I_td,mismatch,0:6:26.34,1,5,,,,0.9,,,,20,70,51,0,6,61,0,15,151,51,,Taman_random,mismatch_z1_mcz5_I0p1-0p9_td20-70_Taman_random/mismatch_cubes,mismatch_cubes_z1_mcz5_I0p9_td20-70x51_omega0-6x61_theta0-15x151_gamma0-2pix51_Taman_random.h5,2026-05-02,ok,
compute_mismatch_I_td_cubes_3141141_0.out,I_td,mismatch,0:5:21.81,1,25,,,,0.1,,,,20,70,51,0,6,61,0,15,151,51,,Taman_random,mismatch_z1_mcz25_I0p1-0p9_td20-70_Taman_random/mismatch_cubes,mismatch_cubes_z1_mcz25_I0p1_td20-70x51_omega0-6x61_theta0-15x151_gamma0-2pix51_Taman_random.h5,2026-05-04,ok,
compute_mismatch_I_td_cubes_3141141_1.out,I_td,mismatch,0:5:33.33,1,25,,,,0.11,,,,20,70,51,0,6,61,0,15,151,51,,Taman_random,mismatch_z1_mcz25_I0p1-0p9_td20-70_Taman_random/mismatch_cubes,mismatch_cubes_z1_mcz25_I0p11_td20-70x51_omega0-6x61_theta0-15x151_gamma0-2pix51_Taman_random.h5,2026-05-04,ok,
compute_mismatch_I_td_cubes_3141141_2.out,I_td,mismatch,0:5:24.72,1,25,,,,0.12,,,,20,70,51,0,6,61,0,15,151,51,,Taman_random,mismatch_z1_mcz25_I0p1-0p9_td20-70_Taman_random/mismatch_cubes,mismatch_cubes_z1_mcz25_I0p12_td20-70x51_omega0-6x61_theta0-15x151_gamma0-2pix51_Taman_random.h5,2026-05-04,ok,
compute_mismatch_I_td_cubes_3141141_3.out,I_td,mismatch,0:5:23.68,1,25,,,,0.13,,,,20,70,51,0,6,61,0,15,151,51,,Taman_random,mismatch_z1_mcz25_I0p1-0p9_td20-70_Taman_random/mismatch_cubes,mismatch_cubes_z1_mcz25_I0p13_td20-70x51_omega0-6x61_theta0-15x151_gamma0-2pix51_Taman_random.h5,2026-05-04,ok,
compute_mismatch_I_td_cubes_3141141_4.out,I_td,mismatch,0:5:27.05,1,25,,,,0.14,,,,20,70,51,0,6,61,0,15,151,51,,Taman_random,mismatch_z1_mcz25_I0p1-0p9_td20-70_Taman_random/mismatch_cubes,mismatch_cubes_z1_mcz25_I0p14_td20-70x51_omega0-6x61_theta0-15x151_gamma0-2pix51_Taman_random.h5,2026-05-04,ok,
compute_mismatch_I_td_cubes_3141141_5.out,I_td,mismatch,0:5:25.46,1,25,,,,0.15,,,,20,70,51,0,6,61,0,15,151,51,,Taman_random,mismatch_z1_mcz25_I0p1-0p9_td20-70_Taman_random/mismatch_cubes,mismatch_cubes_z1_mcz25_I0p15_td20-70x51_omega0-6x61_theta0-15x151_gamma0-2pix51_Taman_random.h5,2026-05-04,ok,
compute_mismatch_I_td_cubes_3141141_6.out,I_td,mismatch,0:5:17.3,1,25,,,,0.16,,,,20,70,51,0,6,61,0,15,151,51,,Taman_random,mismatch_z1_mcz25_I0p1-0p9_td20-70_Taman_random/mismatch_cubes,mismatch_cubes_z1_mcz25_I0p16_td20-70x51_omega0-6x61_theta0-15x151_gamma0-2pix51_Taman_random.h5,2026-05-04,ok,
compute_mismatch_I_td_cubes_3141141_7.out,I_td,mismatch,0:5:15.56,1,25,,,,0.17,,,,20,70,51,0,6,61,0,15,151,51,,Taman_random,mismatch_z1_mcz25_I0p1-0p9_td20-70_Taman_random/mismatch_cubes,mismatch_cubes_z1_mcz25_I0p17_td20-70x51_omega0-6x61_theta0-15x151_gamma0-2pix51_Taman_random.h5,2026-05-04,ok,
compute_mismatch_I_td_cubes_3141141_8.out,I_td,mismatch,0:5:14.45,1,25,,,,0.18,,,,20,70,51,0,6,61,0,15,151,51,,Taman_random,mismatch_z1_mcz25_I0p1-0p9_td20-70_Taman_random/mismatch_cubes,mismatch_cubes_z1_mcz25_I0p18_td20-70x51_omega0-6x61_theta0-15x151_gamma0-2pix51_Taman_random.h5,2026-05-04,ok,
compute_mismatch_I_td_cubes_3141141_9.out,I_td,mismatch,0:5:51.41,1,25,,,,0.19,,,,20,70,51,0,6,61,0,15,151,51,,Taman_random,mismatch_z1_mcz25_I0p1-0p9_td20-70_Taman_random/mismatch_cubes,mismatch_cubes_z1_mcz25_I0p19_td20-70x51_omega0-6x61_theta0-15x151_gamma0-2pix51_Taman_random.h5,2026-05-04,ok,
compute_mismatch_I_td_cubes_3141141_10.out,I_td,mismatch,0:5:54.03,1,25,,,,0.2,,,,20,70,51,0,6,61,0,15,151,51,,Taman_random,mismatch_z1_mcz25_I0p1-0p9_td20-70_Taman_random/mismatch_cubes,mismatch_cubes_z1_mcz25_I0p2_td20-70x51_omega0-6x61_theta0-15x151_gamma0-2pix51_Taman_random.h5,2026-05-04,ok,
compute_mismatch_I_td_cubes_3141141_11.out,I_td,mismatch,0:5:46.96,1,25,,,,0.21,,,,20,70,51,0,6,61,0,15,151,51,,Taman_random,mismatch_z1_mcz25_I0p1-0p9_td20-70_Taman_random/mismatch_cubes,mismatch_cubes_z1_mcz25_I0p21_td20-70x51_omega0-6x61_theta0-15x151_gamma0-2pix51_Taman_random.h5,2026-05-04,ok,
compute_mismatch_I_td_cubes_3141141_12.out,I_td,mismatch,0:5:23.66,1,25,,,,0.22,,,,20,70,51,0,6,61,0,15,151,51,,Taman_random,mismatch_z1_mcz25_I0p1-0p9_td20-70_Taman_random/mismatch_cubes,mismatch_cubes_z1_mcz25_I0p22_td20-70x51_omega0-6x61_theta0-15x151_gamma0-2pix51_Taman_random.h5,2026-05-04,ok,
compute_mismatch_I_td_cubes_3141141_13.out,I_td,mismatch,0:5:13.25,1,25,,,,0.23,,,,20,70,51,0,6,61,0,15,151,51,,Taman_random,mismatch_z1_mcz25_I0p1-0p9_td20-70_Taman_random/mismatch_cubes,mismatch_cubes_z1_mcz25_I0p23_td20-70x51_omega0-6x61_theta0-15x151_gamma0-2pix51_Taman_random.h5,2026-05-04,ok,
compute_mismatch_I_td_cubes_3141141_14.out,I_td,mismatch,0:5:41.79,1,25,,,,0.24,,,,20,70,51,0,6,61,0,15,151,51,,Taman_random,mismatch_z1_mcz25_I0p1-0p9_td20-70_Taman_random/mismatch_cubes,mismatch_cubes_z1_mcz25_I0p24_td20-70x51_omega0-6x61_theta0-15x151_gamma0-2pix51_Taman_random.h5,2026-05-04,ok,
compute_mismatch_I_td_cubes_3141141_15.out,I_td,mismatch,0:5:34.47,1,25,,,,0.25,,,,20,70,51,0,6,61,0,15,151,51,,Taman_random,mismatch_z1_mcz25_I0p1-0p9_td20-70_Taman_random/mismatch_cubes,mismatch_cubes_z1_mcz25_I0p25_td20-70x51_omega0-6x61_theta0-15x151_gamma0-2pix51_Taman_random.h5,2026-05-04,ok,
compute_mismatch_I_td_cubes_3141141_16.out,I_td,mismatch,0:5:37.07,1,25,,,,0.26,,,,20,70,51,0,6,61,0,15,151,51,,Taman_random,mismatch_z1_mcz25_I0p1-0p9_td20-70_Taman_random/mismatch_cubes,mismatch_cubes_z1_mcz25_I0p26_td20-70x51_omega0-6x61_theta0-15x151_gamma0-2pix51_Taman_random.h5,2026-05-04,ok,
compute_mismatch_I_td_cubes_3141141_17.out,I_td,mismatch,0:5:21.45,1,25,,,,0.27,,,,20,70,51,0,6,61,0,15,151,51,,Taman_random,mismatch_z1_mcz25_I0p1-0p9_td20-70_Taman_random/mismatch_cubes,mismatch_cubes_z1_mcz25_I0p27_td20-70x51_omega0-6x61_theta0-15x151_gamma0-2pix51_Taman_random.h5,2026-05-04,ok,
compute_mismatch_I_td_cubes_3141141_18.out,I_td,mismatch,0:5:16.96,1,25,,,,0.28,,,,20,70,51,0,6,61,0,15,151,51,,Taman_random,mismatch_z1_mcz25_I0p1-0p9_td20-70_Taman_random/mismatch_cubes,mismatch_cubes_z1_mcz25_I0p28_td20-70x51_omega0-6x61_theta0-15x151_gamma0-2pix51_Taman_random.h5,2026-05-04,ok,
compute_mismatch_I_td_cubes_3141141_19.out,I_td,mismatch,0:5:42.12,1,25,,,,0.29,,,,20,70,51,0,6,61,0,15,151,51,,Taman_random,mismatch_z1_mcz25_I0p1-0p9_td20-70_Taman_random/mismatch_cubes,mismatch_cubes_z1_mcz25_I0p29_td20-70x51_omega0-6x61_theta0-15x151_gamma0-2pix51_Taman_random.h5,2026-05-04,ok,
compute_mismatch_I_td_cubes_3141141_20.out,I_td,mismatch,0:5:25.58,1,25,,,,0.3,,,,20,70,51,0,6,61,0,15,151,51,,Taman_random,mismatch_z1_mcz25_I0p1-0p9_td20-70_Taman_random/mismatch_cubes,mismatch_cubes_z1_mcz25_I0p3_td20-70x51_omega0-6x61_theta0-15x151_gamma0-2pix51_Taman_random.h5,2026-05-04,ok,
compute_mismatch_I_td_cubes_3141141_21.out,I_td,mismatch,0:5:23.51,1,25,,,,0.31,,,,20,70,51,0,6,61,0,15,151,51,,Taman_random,mismatch_z1_mcz25_I0p1-0p9_td20-70_Taman_random/mismatch_cubes,mismatch_cubes_z1_mcz25_I0p31_td20-70x51_omega0-6x61_theta0-15x151_gamma0-2pix51_Taman_random.h5,2026-05-04,ok,
compute_mismatch_I_td_cubes_3141141_22.out,I_td,mismatch,0:5:40.99,1,25,,,,0.32,,,,20,70,51,0,6,61,0,15,151,51,,Taman_random,mismatch_z1_mcz25_I0p1-0p9_td20-70_Taman_random/mismatch_cubes,mismatch_cubes_z1_mcz25_I0p32_td20-70x51_omega0-6x61_theta0-15x151_gamma0-2pix51_Taman_random.h5,2026-05-04,ok,
compute_mismatch_I_td_cubes_3141141_23.out,I_td,mismatch,0:5:30.8,1,25,,,,0.33,,,,20,70,51,0,6,61,0,15,151,51,,Taman_random,mismatch_z1_mcz25_I0p1-0p9_td20-70_Taman_random/mismatch_cubes,mismatch_cubes_z1_mcz25_I0p33_td20-70x51_omega0-6x61_theta0-15x151_gamma0-2pix51_Taman_random.h5,2026-05-04,ok,
compute_mismatch_I_td_cubes_3141141_24.out,I_td,mismatch,0:5:33.64,1,25,,,,0.34,,,,20,70,51,0,6,61,0,15,151,51,,Taman_random,mismatch_z1_mcz25_I0p1-0p9_td20-70_Taman_random/mismatch_cubes,mismatch_cubes_z1_mcz25_I0p34_td20-70x51_omega0-6x61_theta0-15x151_gamma0-2pix51_Taman_random.h5,2026-05-04,ok,
compute_mismatch_I_td_cubes_3141141_25.out,I_td,mismatch,0:5:46.27,1,25,,,,0.35,,,,20,70,51,0,6,61,0,15,151,51,,Taman_random,mismatch_z1_mcz25_I0p1-0p9_td20-70_Taman_random/mismatch_cubes,mismatch_cubes_z1_mcz25_I0p35_td20-70x51_omega0-6x61_theta0-15x151_gamma0-2pix51_Taman_random.h5,2026-05-04,ok,
compute_mismatch_I_td_cubes_3141141_26.out,I_td,mismatch,0:5:28.06,1,25,,,,0.36,,,,20,70,51,0,6,61,0,15,151,51,,Taman_random,mismatch_z1_mcz25_I0p1-0p9_td20-70_Taman_random/mismatch_cubes,mismatch_cubes_z1_mcz25_I0p36_td20-70x51_omega0-6x61_theta0-15x151_gamma0-2pix51_Taman_random.h5,2026-05-04,ok,
compute_mismatch_I_td_cubes_3141141_27.out,I_td,mismatch,0:5:23.72,1,25,,,,0.37,,,,20,70,51,0,6,61,0,15,151,51,,Taman_random,mismatch_z1_mcz25_I0p1-0p9_td20-70_Taman_random/mismatch_cubes,mismatch_cubes_z1_mcz25_I0p37_td20-70x51_omega0-6x61_theta0-15x151_gamma0-2pix51_Taman_random.h5,2026-05-04,ok,
compute_mismatch_I_td_cubes_3141141_28.out,I_td,mismatch,0:5:28.74,1,25,,,,0.38,,,,20,70,51,0,6,61,0,15,151,51,,Taman_random,mismatch_z1_mcz25_I0p1-0p9_td20-70_Taman_random/mismatch_cubes,mismatch_cubes_z1_mcz25_I0p38_td20-70x51_omega0-6x61_theta0-15x151_gamma0-2pix51_Taman_random.h5,2026-05-04,ok,
compute_mismatch_I_td_cubes_3141141_29.out,I_td,mismatch,0:5:30.0,1,25,,,,0.39,,,,20,70,51,0,6,61,0,15,151,51,,Taman_random,mismatch_z1_mcz25_I0p1-0p9_td20-70_Taman_random/mismatch_cubes,mismatch_cubes_z1_mcz25_I0p39_td20-70x51_omega0-6x61_theta0-15x151_gamma0-2pix51_Taman_random.h5,2026-05-04,ok,
compute_mismatch_I_td_cubes_3141141_30.out,I_td,mismatch,0:5:29.41,1,25,,,,0.4,,,,20,70,51,0,6,61,0,15,151,51,,Taman_random,mismatch_z1_mcz25_I0p1-0p9_td20-70_Taman_random/mismatch_cubes,mismatch_cubes_z1_mcz25_I0p4_td20-70x51_omega0-6x61_theta0-15x151_gamma0-2pix51_Taman_random.h5,2026-05-04,ok,
compute_mismatch_I_td_cubes_3141141_31.out,I_td,mismatch,0:5:43.24,1,25,,,,0.41,,,,20,70,51,0,6,61,0,15,151,51,,Taman_random,mismatch_z1_mcz25_I0p1-0p9_td20-70_Taman_random/mismatch_cubes,mismatch_cubes_z1_mcz25_I0p41_td20-70x51_omega0-6x61_theta0-15x151_gamma0-2pix51_Taman_random.h5,2026-05-04,ok,
compute_mismatch_I_td_cubes_3141141_32.out,I_td,mismatch,0:5:43.17,1,25,,,,0.42,,,,20,70,51,0,6,61,0,15,151,51,,Taman_random,mismatch_z1_mcz25_I0p1-0p9_td20-70_Taman_random/mismatch_cubes,mismatch_cubes_z1_mcz25_I0p42_td20-70x51_omega0-6x61_theta0-15x151_gamma0-2pix51_Taman_random.h5,2026-05-04,ok,
compute_mismatch_I_td_cubes_3141141_33.out,I_td,mismatch,0:5:23.83,1,25,,,,0.43,,,,20,70,51,0,6,61,0,15,151,51,,Taman_random,mismatch_z1_mcz25_I0p1-0p9_td20-70_Taman_random/mismatch_cubes,mismatch_cubes_z1_mcz25_I0p43_td20-70x51_omega0-6x61_theta0-15x151_gamma0-2pix51_Taman_random.h5,2026-05-04,ok,
compute_mismatch_I_td_cubes_3141141_34.out,I_td,mismatch,0:5:31.78,1,25,,,,0.44,,,,20,70,51,0,6,61,0,15,151,51,,Taman_random,mismatch_z1_mcz25_I0p1-0p9_td20-70_Taman_random/mismatch_cubes,mismatch_cubes_z1_mcz25_I0p44_td20-70x51_omega0-6x61_theta0-15x151_gamma0-2pix51_Taman_random.h5,2026-05-04,ok,
compute_mismatch_I_td_cubes_3141141_35.out,I_td,mismatch,0:5:33.15,1,25,,,,0.45,,,,20,70,51,0,6,61,0,15,151,51,,Taman_random,mismatch_z1_mcz25_I0p1-0p9_td20-70_Taman_random/mismatch_cubes,mismatch_cubes_z1_mcz25_I0p45_td20-70x51_omega0-6x61_theta0-15x151_gamma0-2pix51_Taman_random.h5,2026-05-04,ok,
compute_mismatch_I_td_cubes_3141141_36.out,I_td,mismatch,0:5:35.78,1,25,,,,0.46,,,,20,70,51,0,6,61,0,15,151,51,,Taman_random,mismatch_z1_mcz25_I0p1-0p9_td20-70_Taman_random/mismatch_cubes,mismatch_cubes_z1_mcz25_I0p46_td20-70x51_omega0-6x61_theta0-15x151_gamma0-2pix51_Taman_random.h5,2026-05-04,ok,
compute_mismatch_I_td_cubes_3141141_37.out,I_td,mismatch,0:5:20.12,1,25,,,,0.47,,,,20,70,51,0,6,61,0,15,151,51,,Taman_random,mismatch_z1_mcz25_I0p1-0p9_td20-70_Taman_random/mismatch_cubes,mismatch_cubes_z1_mcz25_I0p47_td20-70x51_omega0-6x61_theta0-15x151_gamma0-2pix51_Taman_random.h5,2026-05-04,ok,
compute_mismatch_I_td_cubes_3141141_38.out,I_td,mismatch,0:5:19.02,1,25,,,,0.48,,,,20,70,51,0,6,61,0,15,151,51,,Taman_random,mismatch_z1_mcz25_I0p1-0p9_td20-70_Taman_random/mismatch_cubes,mismatch_cubes_z1_mcz25_I0p48_td20-70x51_omega0-6x61_theta0-15x151_gamma0-2pix51_Taman_random.h5,2026-05-04,ok,
compute_mismatch_I_td_cubes_3141141_39.out,I_td,mismatch,0:5:20.85,1,25,,,,0.49,,,,20,70,51,0,6,61,0,15,151,51,,Taman_random,mismatch_z1_mcz25_I0p1-0p9_td20-70_Taman_random/mismatch_cubes,mismatch_cubes_z1_mcz25_I0p49_td20-70x51_omega0-6x61_theta0-15x151_gamma0-2pix51_Taman_random.h5,2026-05-04,ok,
compute_mismatch_I_td_cubes_3141141_40.out,I_td,mismatch,0:5:14.49,1,25,,,,0.5,,,,20,70,51,0,6,61,0,15,151,51,,Taman_random,mismatch_z1_mcz25_I0p1-0p9_td20-70_Taman_random/mismatch_cubes,mismatch_cubes_z1_mcz25_I0p5_td20-70x51_omega0-6x61_theta0-15x151_gamma0-2pix51_Taman_random.h5,2026-05-04,ok,
compute_mismatch_I_td_cubes_3141141_41.out,I_td,mismatch,0:5:15.93,1,25,,,,0.51,,,,20,70,51,0,6,61,0,15,151,51,,Taman_random,mismatch_z1_mcz25_I0p1-0p9_td20-70_Taman_random/mismatch_cubes,mismatch_cubes_z1_mcz25_I0p51_td20-70x51_omega0-6x61_theta0-15x151_gamma0-2pix51_Taman_random.h5,2026-05-04,ok,
compute_mismatch_I_td_cubes_3141141_42.out,I_td,mismatch,0:5:16.61,1,25,,,,0.52,,,,20,70,51,0,6,61,0,15,151,51,,Taman_random,mismatch_z1_mcz25_I0p1-0p9_td20-70_Taman_random/mismatch_cubes,mismatch_cubes_z1_mcz25_I0p52_td20-70x51_omega0-6x61_theta0-15x151_gamma0-2pix51_Taman_random.h5,2026-05-04,ok,
compute_mismatch_I_td_cubes_3141141_43.out,I_td,mismatch,0:5:16.44,1,25,,,,0.53,,,,20,70,51,0,6,61,0,15,151,51,,Taman_random,mismatch_z1_mcz25_I0p1-0p9_td20-70_Taman_random/mismatch_cubes,mismatch_cubes_z1_mcz25_I0p53_td20-70x51_omega0-6x61_theta0-15x151_gamma0-2pix51_Taman_random.h5,2026-05-04,ok,
compute_mismatch_I_td_cubes_3141141_44.out,I_td,mismatch,0:5:25.61,1,25,,,,0.54,,,,20,70,51,0,6,61,0,15,151,51,,Taman_random,mismatch_z1_mcz25_I0p1-0p9_td20-70_Taman_random/mismatch_cubes,mismatch_cubes_z1_mcz25_I0p54_td20-70x51_omega0-6x61_theta0-15x151_gamma0-2pix51_Taman_random.h5,2026-05-04,ok,
compute_mismatch_I_td_cubes_3141141_45.out,I_td,mismatch,0:5:25.64,1,25,,,,0.55,,,,20,70,51,0,6,61,0,15,151,51,,Taman_random,mismatch_z1_mcz25_I0p1-0p9_td20-70_Taman_random/mismatch_cubes,mismatch_cubes_z1_mcz25_I0p55_td20-70x51_omega0-6x61_theta0-15x151_gamma0-2pix51_Taman_random.h5,2026-05-04,ok,
compute_mismatch_I_td_cubes_3141141_46.out,I_td,mismatch,0:5:18.42,1,25,,,,0.56,,,,20,70,51,0,6,61,0,15,151,51,,Taman_random,mismatch_z1_mcz25_I0p1-0p9_td20-70_Taman_random/mismatch_cubes,mismatch_cubes_z1_mcz25_I0p56_td20-70x51_omega0-6x61_theta0-15x151_gamma0-2pix51_Taman_random.h5,2026-05-04,ok,
compute_mismatch_I_td_cubes_3141141_47.out,I_td,mismatch,0:5:25.44,1,25,,,,0.57,,,,20,70,51,0,6,61,0,15,151,51,,Taman_random,mismatch_z1_mcz25_I0p1-0p9_td20-70_Taman_random/mismatch_cubes,mismatch_cubes_z1_mcz25_I0p57_td20-70x51_omega0-6x61_theta0-15x151_gamma0-2pix51_Taman_random.h5,2026-05-04,ok,
compute_mismatch_I_td_cubes_3141141_48.out,I_td,mismatch,0:5:30.61,1,25,,,,0.58,,,,20,70,51,0,6,61,0,15,151,51,,Taman_random,mismatch_z1_mcz25_I0p1-0p9_td20-70_Taman_random/mismatch_cubes,mismatch_cubes_z1_mcz25_I0p58_td20-70x51_omega0-6x61_theta0-15x151_gamma0-2pix51_Taman_random.h5,2026-05-04,ok,
compute_mismatch_I_td_cubes_3141141_49.out,I_td,mismatch,0:5:38.61,1,25,,,,0.59,,,,20,70,51,0,6,61,0,15,151,51,,Taman_random,mismatch_z1_mcz25_I0p1-0p9_td20-70_Taman_random/mismatch_cubes,mismatch_cubes_z1_mcz25_I0p59_td20-70x51_omega0-6x61_theta0-15x151_gamma0-2pix51_Taman_random.h5,2026-05-04,ok,
compute_mismatch_I_td_cubes_3141141_50.out,I_td,mismatch,0:5:23.2,1,25,,,,0.6,,,,20,70,51,0,6,61,0,15,151,51,,Taman_random,mismatch_z1_mcz25_I0p1-0p9_td20-70_Taman_random/mismatch_cubes,mismatch_cubes_z1_mcz25_I0p6_td20-70x51_omega0-6x61_theta0-15x151_gamma0-2pix51_Taman_random.h5,2026-05-04,ok,
compute_mismatch_I_td_cubes_3141141_51.out,I_td,mismatch,0:5:23.3,1,25,,,,0.61,,,,20,70,51,0,6,61,0,15,151,51,,Taman_random,mismatch_z1_mcz25_I0p1-0p9_td20-70_Taman_random/mismatch_cubes,mismatch_cubes_z1_mcz25_I0p61_td20-70x51_omega0-6x61_theta0-15x151_gamma0-2pix51_Taman_random.h5,2026-05-04,ok,
compute_mismatch_I_td_cubes_3141141_52.out,I_td,mismatch,0:5:31.83,1,25,,,,0.62,,,,20,70,51,0,6,61,0,15,151,51,,Taman_random,mismatch_z1_mcz25_I0p1-0p9_td20-70_Taman_random/mismatch_cubes,mismatch_cubes_z1_mcz25_I0p62_td20-70x51_omega0-6x61_theta0-15x151_gamma0-2pix51_Taman_random.h5,2026-05-04,ok,
compute_mismatch_I_td_cubes_3141141_53.out,I_td,mismatch,0:5:22.67,1,25,,,,0.63,,,,20,70,51,0,6,61,0,15,151,51,,Taman_random,mismatch_z1_mcz25_I0p1-0p9_td20-70_Taman_random/mismatch_cubes,mismatch_cubes_z1_mcz25_I0p63_td20-70x51_omega0-6x61_theta0-15x151_gamma0-2pix51_Taman_random.h5,2026-05-04,ok,
compute_mismatch_I_td_cubes_3141141_54.out,I_td,mismatch,0:5:23.1,1,25,,,,0.64,,,,20,70,51,0,6,61,0,15,151,51,,Taman_random,mismatch_z1_mcz25_I0p1-0p9_td20-70_Taman_random/mismatch_cubes,mismatch_cubes_z1_mcz25_I0p64_td20-70x51_omega0-6x61_theta0-15x151_gamma0-2pix51_Taman_random.h5,2026-05-04,ok,
compute_mismatch_I_td_cubes_3141141_55.out,I_td,mismatch,0:5:22.18,1,25,,,,0.65,,,,20,70,51,0,6,61,0,15,151,51,,Taman_random,mismatch_z1_mcz25_I0p1-0p9_td20-70_Taman_random/mismatch_cubes,mismatch_cubes_z1_mcz25_I0p65_td20-70x51_omega0-6x61_theta0-15x151_gamma0-2pix51_Taman_random.h5,2026-05-04,ok,
compute_mismatch_I_td_cubes_3141141_56.out,I_td,mismatch,0:5:31.2,1,25,,,,0.66,,,,20,70,51,0,6,61,0,15,151,51,,Taman_random,mismatch_z1_mcz25_I0p1-0p9_td20-70_Taman_random/mismatch_cubes,mismatch_cubes_z1_mcz25_I0p66_td20-70x51_omega0-6x61_theta0-15x151_gamma0-2pix51_Taman_random.h5,2026-05-04,ok,
compute_mismatch_I_td_cubes_3141141_57.out,I_td,mismatch,0:5:25.9,1,25,,,,0.67,,,,20,70,51,0,6,61,0,15,151,51,,Taman_random,mismatch_z1_mcz25_I0p1-0p9_td20-70_Taman_random/mismatch_cubes,mismatch_cubes_z1_mcz25_I0p67_td20-70x51_omega0-6x61_theta0-15x151_gamma0-2pix51_Taman_random.h5,2026-05-04,ok,
compute_mismatch_I_td_cubes_3141141_58.out,I_td,mismatch,0:5:26.15,1,25,,,,0.68,,,,20,70,51,0,6,61,0,15,151,51,,Taman_random,mismatch_z1_mcz25_I0p1-0p9_td20-70_Taman_random/mismatch_cubes,mismatch_cubes_z1_mcz25_I0p68_td20-70x51_omega0-6x61_theta0-15x151_gamma0-2pix51_Taman_random.h5,2026-05-04,ok,
compute_mismatch_I_td_cubes_3141141_59.out,I_td,mismatch,0:5:18.55,1,25,,,,0.69,,,,20,70,51,0,6,61,0,15,151,51,,Taman_random,mismatch_z1_mcz25_I0p1-0p9_td20-70_Taman_random/mismatch_cubes,mismatch_cubes_z1_mcz25_I0p69_td20-70x51_omega0-6x61_theta0-15x151_gamma0-2pix51_Taman_random.h5,2026-05-04,ok,
compute_mismatch_I_td_cubes_3141141_60.out,I_td,mismatch,0:5:27.53,1,25,,,,0.7,,,,20,70,51,0,6,61,0,15,151,51,,Taman_random,mismatch_z1_mcz25_I0p1-0p9_td20-70_Taman_random/mismatch_cubes,mismatch_cubes_z1_mcz25_I0p7_td20-70x51_omega0-6x61_theta0-15x151_gamma0-2pix51_Taman_random.h5,2026-05-04,ok,
compute_mismatch_I_td_cubes_3141141_61.out,I_td,mismatch,0:5:33.5,1,25,,,,0.71,,,,20,70,51,0,6,61,0,15,151,51,,Taman_random,mismatch_z1_mcz25_I0p1-0p9_td20-70_Taman_random/mismatch_cubes,mismatch_cubes_z1_mcz25_I0p71_td20-70x51_omega0-6x61_theta0-15x151_gamma0-2pix51_Taman_random.h5,2026-05-04,ok,
compute_mismatch_I_td_cubes_3141141_62.out,I_td,mismatch,0:5:22.74,1,25,,,,0.72,,,,20,70,51,0,6,61,0,15,151,51,,Taman_random,mismatch_z1_mcz25_I0p1-0p9_td20-70_Taman_random/mismatch_cubes,mismatch_cubes_z1_mcz25_I0p72_td20-70x51_omega0-6x61_theta0-15x151_gamma0-2pix51_Taman_random.h5,2026-05-04,ok,
compute_mismatch_I_td_cubes_3141141_63.out,I_td,mismatch,0:5:29.1,1,25,,,,0.73,,,,20,70,51,0,6,61,0,15,151,51,,Taman_random,mismatch_z1_mcz25_I0p1-0p9_td20-70_Taman_random/mismatch_cubes,mismatch_cubes_z1_mcz25_I0p73_td20-70x51_omega0-6x61_theta0-15x151_gamma0-2pix51_Taman_random.h5,2026-05-04,ok,
compute_mismatch_I_td_cubes_3141141_64.out,I_td,mismatch,0:5:23.27,1,25,,,,0.74,,,,20,70,51,0,6,61,0,15,151,51,,Taman_random,mismatch_z1_mcz25_I0p1-0p9_td20-70_Taman_random/mismatch_cubes,mismatch_cubes_z1_mcz25_I0p74_td20-70x51_omega0-6x61_theta0-15x151_gamma0-2pix51_Taman_random.h5,2026-05-04,ok,
compute_mismatch_I_td_cubes_3141141_65.out,I_td,mismatch,0:5:40.34,1,25,,,,0.75,,,,20,70,51,0,6,61,0,15,151,51,,Taman_random,mismatch_z1_mcz25_I0p1-0p9_td20-70_Taman_random/mismatch_cubes,mismatch_cubes_z1_mcz25_I0p75_td20-70x51_omega0-6x61_theta0-15x151_gamma0-2pix51_Taman_random.h5,2026-05-04,ok,
compute_mismatch_I_td_cubes_3141141_66.out,I_td,mismatch,0:5:31.57,1,25,,,,0.76,,,,20,70,51,0,6,61,0,15,151,51,,Taman_random,mismatch_z1_mcz25_I0p1-0p9_td20-70_Taman_random/mismatch_cubes,mismatch_cubes_z1_mcz25_I0p76_td20-70x51_omega0-6x61_theta0-15x151_gamma0-2pix51_Taman_random.h5,2026-05-04,ok,
compute_mismatch_I_td_cubes_3141141_67.out,I_td,mismatch,0:5:23.28,1,25,,,,0.77,,,,20,70,51,0,6,61,0,15,151,51,,Taman_random,mismatch_z1_mcz25_I0p1-0p9_td20-70_Taman_random/mismatch_cubes,mismatch_cubes_z1_mcz25_I0p77_td20-70x51_omega0-6x61_theta0-15x151_gamma0-2pix51_Taman_random.h5,2026-05-04,ok,
compute_mismatch_I_td_cubes_3141141_68.out,I_td,mismatch,0:5:28.29,1,25,,,,0.78,,,,20,70,51,0,6,61,0,15,151,51,,Taman_random,mismatch_z1_mcz25_I0p1-0p9_td20-70_Taman_random/mismatch_cubes,mismatch_cubes_z1_mcz25_I0p78_td20-70x51_omega0-6x61_theta0-15x151_gamma0-2pix51_Taman_random.h5,2026-05-04,ok,
compute_mismatch_I_td_cubes_3141141_69.out,I_td,mismatch,0:5:21.04,1,25,,,,0.79,,,,20,70,51,0,6,61,0,15,151,51,,Taman_random,mismatch_z1_mcz25_I0p1-0p9_td20-70_Taman_random/mismatch_cubes,mismatch_cubes_z1_mcz25_I0p79_td20-70x51_omega0-6x61_theta0-15x151_gamma0-2pix51_Taman_random.h5,2026-05-04,ok,
compute_mismatch_I_td_cubes_3141141_70.out,I_td,mismatch,0:5:26.79,1,25,,,,0.8,,,,20,70,51,0,6,61,0,15,151,51,,Taman_random,mismatch_z1_mcz25_I0p1-0p9_td20-70_Taman_random/mismatch_cubes,mismatch_cubes_z1_mcz25_I0p8_td20-70x51_omega0-6x61_theta0-15x151_gamma0-2pix51_Taman_random.h5,2026-05-04,ok,
compute_mismatch_I_td_cubes_3141141_71.out,I_td,mismatch,0:5:34.86,1,25,,,,0.81,,,,20,70,51,0,6,61,0,15,151,51,,Taman_random,mismatch_z1_mcz25_I0p1-0p9_td20-70_Taman_random/mismatch_cubes,mismatch_cubes_z1_mcz25_I0p81_td20-70x51_omega0-6x61_theta0-15x151_gamma0-2pix51_Taman_random.h5,2026-05-04,ok,
compute_mismatch_I_td_cubes_3141141_72.out,I_td,mismatch,0:5:42.81,1,25,,,,0.82,,,,20,70,51,0,6,61,0,15,151,51,,Taman_random,mismatch_z1_mcz25_I0p1-0p9_td20-70_Taman_random/mismatch_cubes,mismatch_cubes_z1_mcz25_I0p82_td20-70x51_omega0-6x61_theta0-15x151_gamma0-2pix51_Taman_random.h5,2026-05-04,ok,
compute_mismatch_I_td_cubes_3141141_73.out,I_td,mismatch,0:5:23.86,1,25,,,,0.83,,,,20,70,51,0,6,61,0,15,151,51,,Taman_random,mismatch_z1_mcz25_I0p1-0p9_td20-70_Taman_random/mismatch_cubes,mismatch_cubes_z1_mcz25_I0p83_td20-70x51_omega0-6x61_theta0-15x151_gamma0-2pix51_Taman_random.h5,2026-05-04,ok,
compute_mismatch_I_td_cubes_3141141_74.out,I_td,mismatch,0:5:33.99,1,25,,,,0.84,,,,20,70,51,0,6,61,0,15,151,51,,Taman_random,mismatch_z1_mcz25_I0p1-0p9_td20-70_Taman_random/mismatch_cubes,mismatch_cubes_z1_mcz25_I0p84_td20-70x51_omega0-6x61_theta0-15x151_gamma0-2pix51_Taman_random.h5,2026-05-04,ok,
compute_mismatch_I_td_cubes_3141141_75.out,I_td,mismatch,0:5:46.76,1,25,,,,0.85,,,,20,70,51,0,6,61,0,15,151,51,,Taman_random,mismatch_z1_mcz25_I0p1-0p9_td20-70_Taman_random/mismatch_cubes,mismatch_cubes_z1_mcz25_I0p85_td20-70x51_omega0-6x61_theta0-15x151_gamma0-2pix51_Taman_random.h5,2026-05-04,ok,
compute_mismatch_I_td_cubes_3141141_76.out,I_td,mismatch,0:5:43.22,1,25,,,,0.86,,,,20,70,51,0,6,61,0,15,151,51,,Taman_random,mismatch_z1_mcz25_I0p1-0p9_td20-70_Taman_random/mismatch_cubes,mismatch_cubes_z1_mcz25_I0p86_td20-70x51_omega0-6x61_theta0-15x151_gamma0-2pix51_Taman_random.h5,2026-05-04,ok,
compute_mismatch_I_td_cubes_3141141_77.out,I_td,mismatch,0:5:39.9,1,25,,,,0.87,,,,20,70,51,0,6,61,0,15,151,51,,Taman_random,mismatch_z1_mcz25_I0p1-0p9_td20-70_Taman_random/mismatch_cubes,mismatch_cubes_z1_mcz25_I0p87_td20-70x51_omega0-6x61_theta0-15x151_gamma0-2pix51_Taman_random.h5,2026-05-04,ok,
compute_mismatch_I_td_cubes_3141141_78.out,I_td,mismatch,0:5:26.91,1,25,,,,0.88,,,,20,70,51,0,6,61,0,15,151,51,,Taman_random,mismatch_z1_mcz25_I0p1-0p9_td20-70_Taman_random/mismatch_cubes,mismatch_cubes_z1_mcz25_I0p88_td20-70x51_omega0-6x61_theta0-15x151_gamma0-2pix51_Taman_random.h5,2026-05-04,ok,
compute_mismatch_I_td_cubes_3141141_79.out,I_td,mismatch,0:5:26.7,1,25,,,,0.89,,,,20,70,51,0,6,61,0,15,151,51,,Taman_random,mismatch_z1_mcz25_I0p1-0p9_td20-70_Taman_random/mismatch_cubes,mismatch_cubes_z1_mcz25_I0p89_td20-70x51_omega0-6x61_theta0-15x151_gamma0-2pix51_Taman_random.h5,2026-05-04,ok,
compute_mismatch_I_td_cubes_3141141_80.out,I_td,mismatch,0:5:29.55,1,25,,,,0.9,,,,20,70,51,0,6,61,0,15,151,51,,Taman_random,mismatch_z1_mcz25_I0p1-0p9_td20-70_Taman_random/mismatch_cubes,mismatch_cubes_z1_mcz25_I0p9_td20-70x51_omega0-6x61_theta0-15x151_gamma0-2pix51_Taman_random.h5,2026-05-04,ok,
